-- phpMyAdmin SQL Dump
-- version 5.0.1
-- https://www.phpmyadmin.net/
--
-- Host: 127.0.0.1
-- Generation Time: Apr 07, 2020 at 04:32 PM
-- Server version: 10.4.11-MariaDB
-- PHP Version: 7.2.27

SET SQL_MODE = "NO_AUTO_VALUE_ON_ZERO";
SET AUTOCOMMIT = 0;
START TRANSACTION;
SET time_zone = "+00:00";


/*!40101 SET @OLD_CHARACTER_SET_CLIENT=@@CHARACTER_SET_CLIENT */;
/*!40101 SET @OLD_CHARACTER_SET_RESULTS=@@CHARACTER_SET_RESULTS */;
/*!40101 SET @OLD_COLLATION_CONNECTION=@@COLLATION_CONNECTION */;
/*!40101 SET NAMES utf8mb4 */;

--
-- Database: `graduate_project`
--

-- --------------------------------------------------------

--
-- Table structure for table `appointments`
--

CREATE TABLE `appointments` (
  `id` int(11) NOT NULL,
  `doctorId` int(11) NOT NULL,
  `patientId` int(11) NOT NULL,
  `date` varchar(255) COLLATE utf8mb4_unicode_ci DEFAULT NULL,
  `time` varchar(255) COLLATE utf8mb4_unicode_ci DEFAULT NULL,
  `createdAt` datetime NOT NULL,
  `updatedAt` datetime DEFAULT NULL,
  `deletedAt` datetime DEFAULT NULL
) ENGINE=InnoDB DEFAULT CHARSET=utf8mb4 COLLATE=utf8mb4_unicode_ci;

-- --------------------------------------------------------

--
-- Table structure for table `clinics`
--

CREATE TABLE `clinics` (
  `id` int(11) NOT NULL,
  `name` varchar(255) COLLATE utf8mb4_unicode_ci DEFAULT NULL,
  `address` varchar(255) COLLATE utf8mb4_unicode_ci DEFAULT NULL,
  `phone` varchar(255) COLLATE utf8mb4_unicode_ci DEFAULT NULL,
  `introductionHTML` text COLLATE utf8mb4_unicode_ci DEFAULT NULL,
  `introductionMarkdown` text COLLATE utf8mb4_unicode_ci DEFAULT NULL,
  `description` text COLLATE utf8mb4_unicode_ci DEFAULT NULL,
  `image` varchar(255) COLLATE utf8mb4_unicode_ci DEFAULT NULL,
  `createdAt` datetime NOT NULL,
  `updatedAt` datetime DEFAULT NULL,
  `deletedAt` datetime DEFAULT NULL
) ENGINE=InnoDB DEFAULT CHARSET=utf8mb4 COLLATE=utf8mb4_unicode_ci;

--
-- Dumping data for table `clinics`
--

INSERT INTO `clinics` (`id`, `name`, `address`, `phone`, `introductionHTML`, `introductionMarkdown`, `description`, `image`, `createdAt`, `updatedAt`, `deletedAt`) VALUES
(1, 'Phòng khám đa khoa Thu Cúc', 'Hà Nội', '', '<p>Bệnh viện Đa khoa Quốc tế Thu Cúc là một trong những bệnh viện đa khoa tư nhân hướng đến là bệnh viện khách sạn chuẩn quốc tế, với đội ngũ bác sĩ giỏi trực tiếp thăm khám, cơ sở vật chất tiện nghi, hiện đại và đội ngũ chăm sóc khách hành tận tình. Bệnh viện đã và đang đáp ứng nhu cầu thăm khám và là địa chỉ tin cậy của người bệnh.</p>\n<p><strong>Địa chỉ</strong></p>\n<ul>\n<li>286 Thụy Khuê, Tây Hồ, Hà Nội</li>\n</ul>\n<p><strong>Thời gian tiếp nhận khám bệnh</strong></p>\n<p>Người bệnh có thể đăng kí khám với bác sĩ chuyên khoa tại Bệnh viện Đa khoa Quốc tế Thu Cúc vào tất cả các ngày trong tuần:</p>\n<ul>\n<li>Thời gian buổi sáng: 7h30 - 11h30</li>\n<li>Thời gian buổi chiều, tối: 13h30 - 17h00</li>\n</ul>\n<p><strong>Lưu ý quan trọng</strong></p>\n<ul>\n<li>Người bệnh nên mang theo các kết quả đã khám trong vòng 6 tháng (nếu có).</li>\n<li>Để quá trình thăm khám được hiệu quả, người bệnh nên chuẩn bị một số câu hỏi liên quan đến tình trạng sức khỏe và nên ghi chép lại (nếu có thể).</li>\n<li>Để đi khám tại Bệnh viện Đa khoa Quốc tế Thu Cúc người bệnh nên đặt hẹn trước để tiết kiệm thời gian.</li>\n</ul>', '\nBệnh viện Đa khoa Quốc tế Thu Cúc là một trong những bệnh viện đa khoa tư nhân hướng đến là bệnh viện khách sạn chuẩn quốc tế, với đội ngũ bác sĩ giỏi trực tiếp thăm khám, cơ sở vật chất tiện nghi, hiện đại và đội ngũ chăm sóc khách hành tận tình. Bệnh viện đã và đang đáp ứng nhu cầu thăm khám và là địa chỉ tin cậy của người bệnh.\n\n**Địa chỉ**\n\n-   286 Thụy Khuê, Tây Hồ, Hà Nội\n\n**Thời gian tiếp nhận khám bệnh**\n\nNgười bệnh có thể đăng kí khám với bác sĩ chuyên khoa tại Bệnh viện Đa khoa Quốc tế Thu Cúc vào tất cả các ngày trong tuần:\n\n-   Thời gian buổi sáng: 7h30 - 11h30\n-   Thời gian buổi chiều, tối: 13h30 - 17h00\n\n**Lưu ý quan trọng**\n\n-   Người bệnh nên mang theo các kết quả đã khám trong vòng 6 tháng (nếu có).\n-   Để quá trình thăm khám được hiệu quả, người bệnh nên chuẩn bị một số câu hỏi liên quan đến tình trạng sức khỏe và nên ghi chép lại (nếu có thể).\n-   Để đi khám tại Bệnh viện Đa khoa Quốc tế Thu Cúc người bệnh nên đặt hẹn trước để tiết kiệm thời gian.', 'Bệnh viện cung cấp dịch vụ khám và điều trị các bệnh lý chuyên khoa sau:\r\n\r\n-   Thần kinh\r\n-   Tim mạch\r\n-   Tiêu hóa\r\n-   Cơ xương khớp\r\n-   Bệnh viêm gan\r\n-   Tai mũi họng\r\n-   Sản phụ khoa\r\n\r\nNgoài ra, bệnh viện còn thực hiện các gói khám sức khỏe cơ bản và chuyên sâu, các gói khám tầm soát ung thư, gói thai sản.', 'phong-kham-thu-cuc.jpg', '2020-03-21 02:12:52', '2020-03-21 11:22:24', NULL),
(2, 'Phòng khám Meditec', 'Hà Nội', '', '<p>Đội ngũ chuyên gia nhiều năm kinh nghiệm đến từ các bệnh viện đầu ngành như: Bệnh viện Việt Đức, Bệnh viện Đại Học Y, Bệnh viện Bạch Mai… cùng cơ sở vật chất khang trang, lịch sự, hệ thống trang thiết bị đồng bộ hiện đại với công nghệ đến từ Đức, Nhật, Mỹ…</p>\n<ul>\n<li>Địa chỉ: 52 Bà Triệu, Hoàn Kiếm, Hà Nội</li>\n</ul>\n<p><strong>Một số trang thiết bị</strong></p>\n<ul>\n<li>Máy chụp cộng hưởng từ Magnetom Amira 1.5 Tesla của Siemens (Đức)</li>\n</ul>\n<p><img src=\"https://bookingcare.vn/files/image/2018/06/19/111554csyt-may-chup-mri.jpg\" alt=\"\" /></p>\n<ul>\n<li>Máy chụp Xquang kỹ thuật số</li>\n</ul>\n<p><img src=\"https://bookingcare.vn/files/image/2018/06/19/112238csyt-may-chup-xquang.jpg\" alt=\"\" /></p>\n<ul>\n<li>Máy siêu âm 4D - Voluson P8 Healthcare của Mỹ</li>\n</ul>\n<p><img src=\"https://bookingcare.vn/files/image/2018/06/19/112357may-sieu-am.jpg\" alt=\"\" /></p>\n<p><strong>Phương thức thanh toán chi phí khám chữa bệnh</strong></p>\n<ul>\n<li>Hiện tại phòng khám chưa hỗ trợ thanh toán bảo hiểm y tế và các loại bảo hiễm bảo lãnh trực tiếp, quý khách vui lòng thanh toán chi phí khám chữa bệnh trực tiếp tại quầy lễ tân.</li>\n</ul>\n<p><strong>Lưu ý khi đi khám</strong></p>\n<ul>\n<li>Nên mang theo kết quả đã khám (nếu có)</li>\n</ul>', 'Đội ngũ chuyên gia nhiều năm kinh nghiệm đến từ các bệnh viện đầu ngành như: Bệnh viện Việt Đức, Bệnh viện Đại Học Y, Bệnh viện Bạch Mai… cùng cơ sở vật chất khang trang, lịch sự, hệ thống trang thiết bị đồng bộ hiện đại với công nghệ đến từ Đức, Nhật, Mỹ…\n\n-   Địa chỉ: 52 Bà Triệu, Hoàn Kiếm, Hà Nội\n\n**Một số trang thiết bị**\n\n-   Máy chụp cộng hưởng từ Magnetom Amira 1.5 Tesla của Siemens (Đức)\n\n![](https://bookingcare.vn/files/image/2018/06/19/111554csyt-may-chup-mri.jpg)\n\n-   Máy chụp Xquang kỹ thuật số\n\n![](https://bookingcare.vn/files/image/2018/06/19/112238csyt-may-chup-xquang.jpg)\n\n-   Máy siêu âm 4D - Voluson P8 Healthcare của Mỹ\n\n![](https://bookingcare.vn/files/image/2018/06/19/112357may-sieu-am.jpg)\n\n**Phương thức thanh toán chi phí khám chữa bệnh**\n\n-   Hiện tại phòng khám chưa hỗ trợ thanh toán bảo hiểm y tế và các loại bảo hiễm bảo lãnh trực tiếp, quý khách vui lòng thanh toán chi phí khám chữa bệnh trực tiếp tại quầy lễ tân.\n\n**Lưu ý khi đi khám**\n\n-   Nên mang theo kết quả đã khám (nếu có)', 'Khám và điều trị các chuyên khoa\r\n\r\n-   Thần kinh\r\n-   Tiêu hóa\r\n-   Sản phụ khoa\r\n-   Nam khoa\r\n-   Các gói khám chăm sóc sức khỏe', 'phong-kham-meditec.jpg', '2020-03-21 02:12:52', '2020-03-21 11:20:12', NULL),
(3, 'Phòng khám quốc tế Bảo Sơn', 'Hà Nội', '', '<p>Bệnh viện Đa khoa Bảo Sơn là đơn vị y tế tư nhân được đầu tư và phát triển bởi Tập đoàn Bảo Sơn. Bệnh viện được trang bị hệ thống máy móc hiện đại cùng với đội ngũ bác sĩ chuyên khoa giỏi.</p>\n<ul>\n<li>Địa chỉ: Số 52 Nguyễn Chí Thanh, Đống Đa, Hà Nội</li>\n</ul>\n<p><strong>Hệ thống trang thiết bị</strong></p>\n<ul>\n<li>Máy chụp CT Scanner xoắn ốc đa lát cắt của Siemens,</li>\n<li>Hệ thống chụp cộng hưởng từ MRI 1.5 Tesla của hãng G.E (Hoa Kỳ),</li>\n<li>Máy nội soi dạ dày Olympus…</li>\n<li>Đặc biệt, bệnh viện Bảo Sơn cũng còn đầu tư, trang bị tổ hợp máy FUS-MRI, dùng trong điều trị u xơ tử cung không phẫu thuật</li>\n</ul>\n<p><strong>Phương thức thanh toán chi phí khám chữa bệnh</strong></p>\n<ul>\n<li>Khám theo yêu cầu (trả chi phí trực tiếp)</li>\n<li>Khám chữa bệnh theo bảo hiểm y tế</li>\n<li>Bảo lãnh viện phí</li>\n</ul>\n<p><strong>Lưu ý khi đi khám</strong></p>\n<ul>\n<li>Nên mang theo kết quả đã khám (nếu có)</li>\n<li>Nên mang theo thẻ bảo hiểm y tế và/hoặc thẻ bảo hiểm bảo lãnh</li>\n</ul>', '\nBệnh viện Đa khoa Bảo Sơn là đơn vị y tế tư nhân được đầu tư và phát triển bởi Tập đoàn Bảo Sơn. Bệnh viện được trang bị hệ thống máy móc hiện đại cùng với đội ngũ bác sĩ chuyên khoa giỏi.\n\n-   Địa chỉ: Số 52 Nguyễn Chí Thanh, Đống Đa, Hà Nội\n\n**Hệ thống trang thiết bị**\n\n-   Máy chụp CT Scanner xoắn ốc đa lát cắt của Siemens,\n-   Hệ thống chụp cộng hưởng từ MRI 1.5 Tesla của hãng G.E (Hoa Kỳ),\n-   Máy nội soi dạ dày Olympus...\n-   Đặc biệt, bệnh viện Bảo Sơn cũng còn đầu tư, trang bị tổ hợp máy FUS-MRI, dùng trong điều trị u xơ tử cung không phẫu thuật\n\n**Phương thức thanh toán chi phí khám chữa bệnh**\n\n-   Khám theo yêu cầu (trả chi phí trực tiếp)\n-   Khám chữa bệnh theo bảo hiểm y tế\n-   Bảo lãnh viện phí\n\n**Lưu ý khi đi khám**\n\n-   Nên mang theo kết quả đã khám (nếu có)\n-   Nên mang theo thẻ bảo hiểm y tế và/hoặc thẻ bảo hiểm bảo lãnh', '\r\nKhám và điều trị các chuyên khoa\r\n\r\n-   Tiêu hóa\r\n-   Thần kinh\r\n-   Cơ xương khớp\r\n-   Tai mũi họng\r\n-   Sản phụ khoa\r\n-   Các gói khám sức khỏe', 'phong-kham-bao-son.jpg', '2020-03-21 02:12:52', '2020-03-21 11:24:10', NULL),
(4, 'Phòng khám Bác sĩ Đào Đình Thi', '224 Láng Hạ, Hà Nội', '', '<p>Phòng khám Chuyên khoa Tai Mũi Họng - Bác sĩ Đào Đình Thi</p>\n<ul>\n<li>Địa chỉ: số 33, ngõ 38, phố Phương Mai - Đống Đa - Hà Nội (gần Hồ Kim Liên).</li>\n</ul>\n<p>Phòng khám thông thường làm việc vào các các buổi chiều tối tất cả các ngày trong tuần từ thứ 2 đến Chủ Nhật. Hiện phòng khám có hình thức thanh toán chi phí bằng tiền mặt (hiện chưa áp dụng thanh toán chi phí bảo hiểm y tế).</p>', '\nPhòng khám Chuyên khoa Tai Mũi Họng - Bác sĩ Đào Đình Thi\n\n-   Địa chỉ: số 33, ngõ 38, phố Phương Mai - Đống Đa - Hà Nội (gần Hồ Kim Liên).\n\nPhòng khám thông thường làm việc vào các các buổi chiều tối tất cả các ngày trong tuần từ thứ 2 đến Chủ Nhật. Hiện phòng khám có hình thức thanh toán chi phí bằng tiền mặt (hiện chưa áp dụng thanh toán chi phí bảo hiểm y tế).', 'Phòng khám khám và điều trị các bệnh lý nội khoa Tai Mũi Họng, đặc biệt các bệnh lý Tai Mũi Họng ở trẻ em:\r\n\r\nCác bệnh về tai\r\n\r\nÙ tai, nghe kém, điếc đột ngột\r\nChẩy mủ tai, viêm tai giữa cấp, mạn\r\nPhát hiện sớm và điều trị tốt bệnh viêm tai giữa màng nhĩ đóng kín, không chẩy mủ ra ngoài\r\nCác bệnh mũi xoang\r\n\r\nViêm mũi xoang dị ứng, viêm mũi vận mạch\r\nViêm mũi ngạt tắc mũi mạn tính\r\nViêm đa xoang mạn lâu ngày khó khỏi\r\nĐau đầu mạn tính do mũi xoang…\r\nCác bệnh về họng thanh quản\r\n\r\nỞ trẻ em viêm VA, viêm mũi họng mạn tính. Đặc biệt những biến chứng của viêm VA (như viêm tai thanh dịch, viêm tai giữa cấp, viêm thanh khí phế quản….)  nạo VA', 'phong-kham-bac-si-dao-dinh-thi.jpg', '2020-03-21 02:12:52', '2020-03-21 11:25:59', NULL),
(5, 'Phòng khám 255 Trường Chinh', '255 Trường Chinh, Hà Nội', '', '<p>Phòng khám 225 Trường Chinh là phòng khám theo yêu cầu của Viện Y học Phòng không không quân, với các bác sĩ là chuyên gia từ Bệnh viện Đại học Y Hà Nội, Bệnh viện Tai Mũi Họng Trung ương,….</p>\n<ul>\n<li>Địa chỉ: Số 225 Trường Chinh, Thanh Xuân, Hà Nội</li>\n</ul>\n<p>Hình thức thanh toán chi phí khám chữa bệnh:</p>\n<ul>\n<li>Thanh toán bằng tiền mặt hoặc thẻ tín dụng</li>\n<li>Bảo hiểm y tế nhà nước</li>\n</ul>\n<p>Lưu ý khi đi khám:</p>\n<ul>\n<li>Nên mang theo thẻ bảo hiểm y tế (còn hạn sử dụng)</li>\n<li>Nên đặt khám trước để chủ động thời gian khám chữa bệnh</li>\n</ul>', '\nPhòng khám 225 Trường Chinh là phòng khám theo yêu cầu của Viện Y học Phòng không không quân, với các bác sĩ là chuyên gia từ Bệnh viện Đại học Y Hà Nội, Bệnh viện Tai Mũi Họng Trung ương,....\n\n-   Địa chỉ: Số 225 Trường Chinh, Thanh Xuân, Hà Nội\n\nHình thức thanh toán chi phí khám chữa bệnh:\n\n-   Thanh toán bằng tiền mặt hoặc thẻ tín dụng\n-   Bảo hiểm y tế nhà nước\n\nLưu ý khi đi khám:\n\n-   Nên mang theo thẻ bảo hiểm y tế (còn hạn sử dụng)\n-   Nên đặt khám trước để chủ động thời gian khám chữa bệnh', '\r\nPhòng khám có thế mạnh về các bệnh nội khoa:\r\n\r\n-   Bệnh lý Cơ xương khớp\r\n-   Bệnh lý Tai mũi họng\r\n-   Bệnh lý Sản phụ khoa\r\n-   Khám sức khỏe tổng quát', 'phong-kham-255-truong-chinh.jpg', '2020-03-21 02:12:52', '2020-03-21 11:25:20', NULL),
(7, 'Phòng khám đa khoa Hoàng Long', 'Tầng 10, Tòa tháp VCCI, Số 9 phố Đào Duy Anh, Quận Đống Đa, Hà Nội', '035456789', '<p>Phòng khám chuyên sâu về bệnh lý Tiêu hóa và Gan - mật, với hệ thống trang thiết bị về chuyên khoa tiêu hóa hiện đại và tiên tiến.</p>\n<ul>\n<li>Địa chỉ: Tầng 10, Tòa tháp VCCI, Số 9 phố Đào Duy Anh, Quận Đống Đa, Hà Nội</li>\n</ul>\n<p>Thanh toán chi phí khám chữa bệnh</p>\n<ul>\n<li>Khám chữa bệnh trực tiếp</li>\n<li><strong>Lưu ý:</strong>  Phòng khám có xuất hóa đơn tài chính (hóa đơn đỏ)</li>\n</ul>\n<p>Lưu ý: Quy trình sau đây áp dụng khi đi khám chữa bệnh với Giáo sư, Tiến sĩ Đào Văn Long</p>\n<p><strong>Tại Phòng khám Đa khoa Hoàng Long - Tầng 10, Tháp VCCI, Số 9 Đào Duy Anh, Đống Đa, Hà Nội</strong></p>\n<h2 id=\"quytrnhikhmbnhtiuhavigiosovnlong\">Quy trình đi khám bệnh Tiêu hóa với Giáo sư Đào Văn Long</h2>\n<ul>\n<li>Bước 1: Bác sĩ chuyên khoa Nội khám và kiểm tra tình trạng chung của người bệnh</li>\n<li>Bước 2: Bác sĩ chuyên khoa Nội chỉ định chụp chiếu, xét nghiệm, nội soi (nếu cần)</li>\n<li>Bước 3: Thực hiện các xét nghiệm, chụp chiếu, nội soi theo chỉ định (nếu có)</li>\n<li>Bước 4:  <strong>Người bệnh gặp Giáo sư Đào Văn Long</strong>  để đọc kết quả và phương án điều trị<br />\n<em>Ghi chú:</em>  Bệnh nhân chỉ gặp Giáo sư Đào Văn Long ở  <strong>Bước 4</strong>  (sau khi đã có kết quả xét nghiệm, chụp chiếu, nội soi)</li>\n</ul>\n<p><strong>Bác sĩ chuyên khoa nội thực hiện khám và kiểm tra tình trạng chung cho người bệnh</strong></p>\n<p>Bác sĩ Chuyên khoa II Phạm Thị Lan Hương</p>\n<ul>\n<li>Tốt nghiệp đại học Y khoa Hà Nội (1984)</li>\n<li>Nguyên trưởng khoa tiêu hóa Bệnh Viện E</li>\n</ul>\n<p><strong>Lịch khám bác sĩ Phạm Thị Lan Hương</strong></p>\n<ul>\n<li>Thứ 2 - Thứ 7 hàng tuần</li>\n<li>Sáng: 7h30 - 11h00</li>\n<li>Chiều: 13h30 - 16h00</li>\n</ul>', 'Phòng khám chuyên sâu về bệnh lý Tiêu hóa và Gan - mật, với hệ thống trang thiết bị về chuyên khoa tiêu hóa hiện đại và tiên tiến.\n\n-   Địa chỉ: Tầng 10, Tòa tháp VCCI, Số 9 phố Đào Duy Anh, Quận Đống Đa, Hà Nội\n\nThanh toán chi phí khám chữa bệnh\n\n-   Khám chữa bệnh trực tiếp\n-   **Lưu ý:**  Phòng khám có xuất hóa đơn tài chính (hóa đơn đỏ)\n\nLưu ý: Quy trình sau đây áp dụng khi đi khám chữa bệnh với Giáo sư, Tiến sĩ Đào Văn Long\n\n**Tại Phòng khám Đa khoa Hoàng Long - Tầng 10, Tháp VCCI, Số 9 Đào Duy Anh, Đống Đa, Hà Nội**\n\n## Quy trình đi khám bệnh Tiêu hóa với Giáo sư Đào Văn Long\n\n-   Bước 1: Bác sĩ chuyên khoa Nội khám và kiểm tra tình trạng chung của người bệnh\n-   Bước 2: Bác sĩ chuyên khoa Nội chỉ định chụp chiếu, xét nghiệm, nội soi (nếu cần)\n-   Bước 3: Thực hiện các xét nghiệm, chụp chiếu, nội soi theo chỉ định (nếu có)\n-   Bước 4:  **Người bệnh gặp Giáo sư Đào Văn Long**  để đọc kết quả và phương án điều trị  \n    _Ghi chú:_  Bệnh nhân chỉ gặp Giáo sư Đào Văn Long ở  **Bước 4**  (sau khi đã có kết quả xét nghiệm, chụp chiếu, nội soi)\n\n**Bác sĩ chuyên khoa nội thực hiện khám và kiểm tra tình trạng chung cho người bệnh**\n\nBác sĩ Chuyên khoa II Phạm Thị Lan Hương\n\n-   Tốt nghiệp đại học Y khoa Hà Nội (1984)\n-   Nguyên trưởng khoa tiêu hóa Bệnh Viện E\n\n**Lịch khám bác sĩ Phạm Thị Lan Hương**\n\n-   Thứ 2 - Thứ 7 hàng tuần\n-   Sáng: 7h30 - 11h00\n-   Chiều: 13h30 - 16h00', 'Khám và điều trị bệnh lý đường tiêu hóa\r\n\r\nCắt polyp dạ dày – tá tràng, đại tràng\r\nGắp dị vật đường tiêu hóa\r\nCắt u dưới niêm mạc dạ dày – tá tràng, đại tràng\r\nCác thủ thuật cầm máu qua nội soi\r\nThắt giãn tĩnh mạch thực quản\r\nThắt trĩ bằng vòng cao su\r\nCắt niêm mạc điều trị ung thư sớm\r\nLấy sinh thiết\r\nNội soi dạ dày - tá tràng: chẩn đoán và điều trị các bệnh về dạ dày, tá tràng\r\nNội soi trực tràng – đại tràng: chẩn đoán và điều trị các bệnh về đại, trực tràng\r\nKhám và điều trị các bệnh lý về gan - mật\r\n\r\nChẩn đoán và điều trị các bệnh lý về gan\r\nBệnh Viêm gan B, viêm gan C\r\nXơ gan, ung thư ga\r\nViêm gan do thuốc, nhiễm độc…', '1584758151350-phong-kham-hoang-long1.jpg', '2020-03-21 02:35:51', '2020-03-21 11:42:27', NULL);

-- --------------------------------------------------------

--
-- Table structure for table `doctor_users`
--

CREATE TABLE `doctor_users` (
  `id` int(11) NOT NULL,
  `doctorId` int(11) NOT NULL,
  `clinicId` int(11) NOT NULL,
  `specializationId` int(11) NOT NULL,
  `createdAt` datetime NOT NULL,
  `updatedAt` datetime DEFAULT NULL,
  `deletedAt` datetime DEFAULT NULL
) ENGINE=InnoDB DEFAULT CHARSET=utf8mb4 COLLATE=utf8mb4_unicode_ci;

--
-- Dumping data for table `doctor_users`
--

INSERT INTO `doctor_users` (`id`, `doctorId`, `clinicId`, `specializationId`, `createdAt`, `updatedAt`, `deletedAt`) VALUES
(1, 4, 1, 5, '2020-03-16 10:25:46', '2020-03-22 03:16:49', NULL),
(2, 6, 1, 1, '2020-03-19 09:28:21', '2020-03-19 09:28:21', NULL),
(3, 7, 2, 2, '2020-03-19 09:31:17', '2020-03-19 09:31:17', NULL),
(4, 8, 3, 3, '2020-03-19 09:31:44', '2020-03-19 09:31:44', NULL),
(5, 9, 4, 4, '2020-03-19 09:34:43', '2020-03-19 09:34:43', NULL),
(6, 10, 4, 5, '2020-03-19 09:36:33', '2020-03-19 09:36:33', NULL),
(7, 11, 5, 5, '2020-03-19 14:46:55', '2020-03-19 14:46:55', NULL),
(8, 12, 7, 3, '2020-03-21 10:42:59', '2020-03-21 10:42:59', NULL),
(12, 16, 7, 6, '2020-03-22 03:10:47', '2020-03-22 03:21:39', NULL);

-- --------------------------------------------------------

--
-- Table structure for table `extrainfos`
--

CREATE TABLE `extrainfos` (
  `id` int(11) NOT NULL,
  `patientId` int(11) DEFAULT NULL,
  `historyBreath` text COLLATE utf8mb4_unicode_ci DEFAULT NULL,
  `placeId` int(11) DEFAULT NULL,
  `oldForms` varchar(255) COLLATE utf8mb4_unicode_ci DEFAULT NULL,
  `moreInfo` text COLLATE utf8mb4_unicode_ci DEFAULT NULL,
  `createdAt` datetime NOT NULL,
  `updatedAt` datetime DEFAULT NULL,
  `deletedAt` datetime DEFAULT NULL
) ENGINE=InnoDB DEFAULT CHARSET=utf8mb4 COLLATE=utf8mb4_unicode_ci;

--
-- Dumping data for table `extrainfos`
--

INSERT INTO `extrainfos` (`id`, `patientId`, `historyBreath`, `placeId`, `oldForms`, `moreInfo`, `createdAt`, `updatedAt`, `deletedAt`) VALUES
(7, 20, '', 0, NULL, '', '2020-04-07 11:05:29', '2020-04-07 11:05:29', NULL),
(8, 21, '', 0, NULL, '', '2020-04-07 11:07:39', '2020-04-07 11:07:39', NULL),
(9, 22, '', 0, NULL, '', '2020-04-07 11:08:50', '2020-04-07 11:08:50', NULL),
(10, 23, '', 0, NULL, '', '2020-04-07 11:11:23', '2020-04-07 11:11:23', NULL),
(11, 24, '', 0, NULL, '', '2020-04-07 11:12:09', '2020-04-07 11:12:09', NULL),
(12, 25, '', 0, NULL, '', '2020-04-07 11:24:49', '2020-04-07 11:24:49', NULL),
(13, 26, '', 0, NULL, '', '2020-04-07 11:25:29', '2020-04-07 11:25:29', NULL),
(14, 27, '', 0, NULL, '', '2020-04-07 11:26:43', '2020-04-07 11:26:43', NULL),
(15, 28, '', 0, NULL, '', '2020-04-07 11:27:15', '2020-04-07 11:27:15', NULL),
(16, 29, '', 0, NULL, '', '2020-04-07 11:29:04', '2020-04-07 11:29:04', NULL),
(17, 30, '', 0, NULL, '', '2020-04-07 11:30:26', '2020-04-07 11:30:26', NULL),
(18, 31, '', 0, NULL, '', '2020-04-07 11:33:27', '2020-04-07 11:33:27', NULL),
(19, 32, 'ko có bị ', 1, NULL, 'chưa khám bao giờ', '2020-04-07 12:01:42', '2020-04-07 12:01:42', NULL),
(20, 33, 'co', 2, '{\"0\":\"1586263064334-abctest.png\"}', 'aaaaaaaaaaaaa', '2020-04-07 12:37:44', '2020-04-07 12:37:44', NULL),
(21, 34, 'co', 2, '{\"0\":\"1586263453468-abctest.png\"}', 'aaaaaaaaaaaaa', '2020-04-07 12:44:13', '2020-04-07 12:44:13', NULL),
(22, 35, 'co', 2, '{\"0\":\"1586263515259-abctest.png\"}', 'aaaaaaaaaaaaa', '2020-04-07 12:45:15', '2020-04-07 12:45:15', NULL),
(23, 36, 'co', 2, '{\"0\":\"1586263608140-abctest.png\"}', 'aaaaaaaaaaaaa', '2020-04-07 12:46:48', '2020-04-07 12:46:48', NULL),
(24, 37, '', 0, NULL, '', '2020-04-07 12:48:00', '2020-04-07 12:48:00', NULL),
(25, 38, 'bbbbbbbbbbbbb', 3, '{\"0\":\"1586268687519-abc.jpg\"}', 'ddddddddddddddddddddddddddddd', '2020-04-07 14:11:27', '2020-04-07 14:11:27', NULL);

-- --------------------------------------------------------

--
-- Table structure for table `patients`
--

CREATE TABLE `patients` (
  `id` int(11) NOT NULL,
  `doctorId` int(11) NOT NULL,
  `statusId` int(11) NOT NULL,
  `name` varchar(255) COLLATE utf8mb4_unicode_ci DEFAULT NULL,
  `phone` varchar(255) COLLATE utf8mb4_unicode_ci DEFAULT NULL,
  `dateBooking` varchar(255) COLLATE utf8mb4_unicode_ci DEFAULT NULL,
  `timeBooking` varchar(255) COLLATE utf8mb4_unicode_ci DEFAULT NULL,
  `email` varchar(255) COLLATE utf8mb4_unicode_ci DEFAULT NULL,
  `gender` varchar(255) COLLATE utf8mb4_unicode_ci DEFAULT NULL,
  `address` text COLLATE utf8mb4_unicode_ci DEFAULT NULL,
  `description` text COLLATE utf8mb4_unicode_ci DEFAULT NULL,
  `createdAt` datetime NOT NULL,
  `updatedAt` datetime DEFAULT NULL,
  `deletedAt` datetime DEFAULT NULL
) ENGINE=InnoDB DEFAULT CHARSET=utf8mb4 COLLATE=utf8mb4_unicode_ci;

--
-- Dumping data for table `patients`
--

INSERT INTO `patients` (`id`, `doctorId`, `statusId`, `name`, `phone`, `dateBooking`, `timeBooking`, `email`, `gender`, `address`, `description`, `createdAt`, `updatedAt`, `deletedAt`) VALUES
(1, 4, 1, 'Cuong', '0365434325', '30/03/2020', '08:00 - 09:00', 'jvgiveup@gmail.com', 'male', 'Số nhà 55, ngõ 30, phố Hồng Mai, Phường Minh Khai, Quận Hai Bà Trưng, Hà Nội', 'đau chân', '2020-03-19 16:32:02', '2020-03-30 08:07:01', NULL),
(2, 4, 1, 'Lê Văn An', '0365434325', '30/03/2020', '08:00 - 09:00', 'vananabc@gmail.com', 'male', 'ha noi', 'dau chan', '2020-03-29 08:15:23', '2020-03-30 08:12:45', NULL),
(3, 4, 2, 'Trần Thị Linh', '0365434325', '30/03/2020', '16:00 - 17:00', 'linhtranthi@gmail.com', 'female', 'hanoi', 'đau tay', '2020-03-29 08:59:56', '2020-03-30 08:08:43', NULL),
(4, 4, 3, 'Cuong', '0365434325', '30/03/2020', '16:00 - 17:00', '', 'male', '', '', '2020-03-29 09:04:32', '2020-03-29 15:45:53', NULL),
(5, 4, 2, 'abc', '0365434325', '30/03/2020', '08:00 - 09:00', '', 'male', '', '', '2020-03-29 09:05:30', '2020-03-29 15:47:40', NULL),
(6, 4, 3, 'Cuong', '0365434325', '30/03/2020', '09:00 - 10:00', '', 'male', '', '', '2020-03-29 09:08:26', '2020-03-29 15:45:28', NULL),
(7, 4, 2, 'Trần Lung Linh', '0365434325', '30/03/2020', '16:00 - 17:00', 'linhlinh@gmail.com', 'female', 'hanoi', 'đau tay', '2020-03-29 09:09:46', '2020-03-30 08:08:53', NULL),
(8, 4, 2, 'Cuong', '0365434325', '30/03/2020', '16:00 - 17:00', 'admin@gmail.com', 'male', '', '', '2020-03-29 09:13:45', '2020-03-29 09:13:45', NULL),
(9, 4, 1, 'Cuong', '0365434325', '30/03/2020', '08:00 - 09:00', '', 'male', '', '', '2020-03-29 09:14:06', '2020-03-30 08:12:52', NULL),
(10, 4, 1, 'Lê Thị Lan', '0365434325', '30/03/2020', '16:00 - 17:00', 'admin@gmail.com', 'female', '', '', '2020-03-29 09:40:28', '2020-03-29 09:40:28', NULL),
(11, 4, 1, 'Nguyễn Anh Tuấn', '0365434325', '30/03/2020', '09:00 - 10:00', 'nguyenanhtuan@gmail.com', 'male', 'Số nhà 55, ngõ 30, phố Hồng Mai, Phường Minh Khai, Quận Hai Bà Trưng, Hà Nội', 'đau chân', '2020-03-30 08:14:34', '2020-03-30 08:14:34', NULL),
(12, 4, 3, 'Lê Van An', '0365434325', '06/04/2020', '08:00 - 09:00', 'eric@gmail.com', 'male', 'Số nhà 55, ngõ 30, phố Hồng Mai, Phường Minh Khai, Quận Hai Bà Trưng, Hà Nội', 'đau tay', '2020-04-06 07:25:49', '2020-04-06 07:44:13', NULL),
(13, 4, 4, 'Cuong', '0365434325', '07/04/2020', '08:00 - 09:00', 'admin@gmail.com', 'female', 'Số nhà 55, ngõ 30, phố Hồng Mai, Phường Minh Khai, Quận Hai Bà Trưng, Hà Nội', 'aaaaaaaaa', '2020-04-07 08:41:24', '2020-04-07 08:41:24', NULL),
(20, 4, 4, 'Lê Văn An', '0365434325', '07/04/2020', '09:00 - 10:00', 'harypham97@gmail.com', 'male', 'Số nhà 55, ngõ 30, phố Hồng Mai, Phường Minh Khai, Quận Hai Bà Trưng, Hà Nội', 'Bị đau dạ dày lâu năm', '2020-04-07 11:05:29', '2020-04-07 11:05:29', NULL),
(21, 4, 4, 'Lê Văn An', '0365434325', '07/04/2020', '15:00 - 16:00', 'harypham97@gmail.com', 'male', 'Số nhà 55, ngõ 30, phố Hồng Mai, Phường Minh Khai, Quận Hai Bà Trưng, Hà Nội', 'Bị đau dạ dày lâu năm', '2020-04-07 11:07:39', '2020-04-07 11:07:39', NULL),
(22, 4, 4, 'Lê Văn An', '0365434325', '07/04/2020', '08:00 - 09:00', 'harypham97@gmail.com', 'male', 'Số nhà 55, ngõ 30, phố Hồng Mai, Phường Minh Khai, Quận Hai Bà Trưng, Hà Nội', 'Bị đau dạ dày lâu năm', '2020-04-07 11:08:50', '2020-04-07 11:08:50', NULL),
(23, 4, 4, 'Lê Văn An', '0365434325', '07/04/2020', '15:00 - 16:00', 'harypham97@gmail.com', 'male', 'Số nhà 55, ngõ 30, phố Hồng Mai, Phường Minh Khai, Quận Hai Bà Trưng, Hà Nội', 'Bị đau dạ dày lâu năm', '2020-04-07 11:11:23', '2020-04-07 11:11:23', NULL),
(24, 4, 4, 'Lê Văn An', '0365434325', '07/04/2020', '08:00 - 09:00', 'harypham97@gmail.com', 'male', 'Số nhà 55, ngõ 30, phố Hồng Mai, Phường Minh Khai, Quận Hai Bà Trưng, Hà Nội', 'Bị đau dạ dày lâu năm', '2020-04-07 11:12:09', '2020-04-07 11:12:09', NULL),
(25, 4, 4, 'Lê Văn An', '0365434325', '07/04/2020', '08:00 - 09:00', 'harypham97@gmail.com', 'male', 'Số nhà 55, ngõ 30, phố Hồng Mai, Phường Minh Khai, Quận Hai Bà Trưng, Hà Nội', 'Bị đau dạ dày lâu năm', '2020-04-07 11:24:49', '2020-04-07 11:24:49', NULL),
(26, 4, 4, 'a@gmail.com', '0365434325', '07/04/2020', '08:00 - 09:00', 'harypham97@gmail.com', 'male', '', '', '2020-04-07 11:25:29', '2020-04-07 11:25:29', NULL),
(27, 4, 4, 'aaaaaaa', '0365434325', '07/04/2020', '15:00 - 16:00', 'harypham97@gmail.com', 'male', '', '', '2020-04-07 11:26:43', '2020-04-07 11:26:43', NULL),
(28, 4, 4, 'Cuong', '0365434325', '07/04/2020', '16:00 - 17:00', 'harypham97@gmail.com', 'male', '', '', '2020-04-07 11:27:15', '2020-04-07 11:27:15', NULL),
(29, 4, 4, 'Cuong', '0365434325', '07/04/2020', '15:00 - 16:00', 'harypham97@gmail.com', 'male', '', '', '2020-04-07 11:29:04', '2020-04-07 11:29:04', NULL),
(30, 4, 4, 'Cuong', '0365434325', '07/04/2020', '15:00 - 16:00', 'harypham97@gmail.com', 'male', '', '', '2020-04-07 11:30:26', '2020-04-07 11:30:26', NULL),
(31, 4, 4, 'Cuong', '0365434325', '07/04/2020', '15:00 - 16:00', 'harypham97@gmail.com', 'male', '', '', '2020-04-07 11:33:27', '2020-04-07 11:33:27', NULL),
(32, 4, 4, 'Lê Văn An', '0365434325', '07/04/2020', '08:00 - 09:00', 'harypham97@gmail.com', 'male', 'Số nhà 55, ngõ 30, phố Hồng Mai, Phường Minh Khai, Quận Hai Bà Trưng, Hà Nội', 'đau dạ dày', '2020-04-07 12:01:42', '2020-04-07 12:01:42', NULL),
(33, 4, 4, 'Cuong', '0365434325', NULL, NULL, 'harypham97@gmail.com', 'male', 'Số nhà 55, ngõ 30, phố Hồng Mai, Phường Minh Khai, Quận Hai Bà Trưng, Hà Nội', 'ddau chan', '2020-04-07 12:37:44', '2020-04-07 12:37:44', NULL),
(34, 4, 4, 'Cuong', '0365434325', NULL, NULL, 'harypham97@gmail.com', 'male', 'Số nhà 55, ngõ 30, phố Hồng Mai, Phường Minh Khai, Quận Hai Bà Trưng, Hà Nội', 'ddau chan', '2020-04-07 12:44:13', '2020-04-07 12:44:13', NULL),
(35, 4, 4, 'Cuong', '0365434325', NULL, NULL, 'harypham97@gmail.com', 'male', 'Số nhà 55, ngõ 30, phố Hồng Mai, Phường Minh Khai, Quận Hai Bà Trưng, Hà Nội', 'ddau chan', '2020-04-07 12:45:15', '2020-04-07 12:45:15', NULL),
(36, 4, 4, 'Cuong', '0365434325', NULL, NULL, 'harypham97@gmail.com', 'male', 'Số nhà 55, ngõ 30, phố Hồng Mai, Phường Minh Khai, Quận Hai Bà Trưng, Hà Nội', 'ddau chan', '2020-04-07 12:46:48', '2020-04-07 12:46:48', NULL),
(37, 4, 4, 'a@gmail.com', '0365434325', '08/04/2020', '15:00 - 16:00', 'harypham97@gmail.com', 'male', '', '', '2020-04-07 12:48:00', '2020-04-07 12:48:00', NULL),
(38, 4, 3, 'a@gmail.com', '0365434325', '08/04/2020', '14:00 - 15:00', 'harypham97@gmail.com', 'male', 'Số nhà 55, ngõ 30, phố Hồng Mai, Phường Minh Khai, Quận Hai Bà Trưng, Hà Nội', 'aaaaaaaaaaa', '2020-04-07 14:11:27', '2020-04-07 14:16:33', NULL);

-- --------------------------------------------------------

--
-- Table structure for table `places`
--

CREATE TABLE `places` (
  `id` int(11) NOT NULL,
  `name` varchar(255) COLLATE utf8mb4_unicode_ci DEFAULT NULL,
  `createdAt` datetime NOT NULL,
  `updatedAt` datetime DEFAULT NULL,
  `deletedAt` datetime DEFAULT NULL
) ENGINE=InnoDB DEFAULT CHARSET=utf8mb4 COLLATE=utf8mb4_unicode_ci;

--
-- Dumping data for table `places`
--

INSERT INTO `places` (`id`, `name`, `createdAt`, `updatedAt`, `deletedAt`) VALUES
(1, 'Bệnh viện Bạch Mai', '2020-04-06 22:35:00', NULL, NULL),
(2, 'Phố Trúc Bạch', '2020-04-06 22:35:00', NULL, NULL),
(3, 'Khu đô thị TimeCity', '2020-04-06 22:35:38', NULL, NULL);

-- --------------------------------------------------------

--
-- Table structure for table `posts`
--

CREATE TABLE `posts` (
  `id` int(11) NOT NULL,
  `title` varchar(255) COLLATE utf8mb4_unicode_ci DEFAULT NULL,
  `contentMarkdown` text COLLATE utf8mb4_unicode_ci DEFAULT NULL,
  `contentHTML` text COLLATE utf8mb4_unicode_ci DEFAULT NULL,
  `forDoctorId` int(11) DEFAULT NULL,
  `forSpecializationId` int(11) DEFAULT NULL,
  `forClinicId` int(11) DEFAULT NULL,
  `writerId` int(11) NOT NULL,
  `confirmByDoctor` tinyint(1) DEFAULT NULL,
  `createdAt` datetime NOT NULL,
  `updatedAt` datetime DEFAULT NULL,
  `deletedAt` datetime DEFAULT NULL,
  `image` varchar(255) COLLATE utf8mb4_unicode_ci DEFAULT NULL
) ENGINE=InnoDB DEFAULT CHARSET=utf8mb4 COLLATE=utf8mb4_unicode_ci;

--
-- Dumping data for table `posts`
--

INSERT INTO `posts` (`id`, `title`, `contentMarkdown`, `contentHTML`, `forDoctorId`, `forSpecializationId`, `forClinicId`, `writerId`, `confirmByDoctor`, `createdAt`, `updatedAt`, `deletedAt`, `image`) VALUES
(3, '3 Bệnh viện, Phòng khám Rối loạn tiền đình tốt tại TP.HCM', '## Bài viết giới thiệu đến bạn đọc danh sách bệnh viện, phòng khám rối loạn tiền đình tốt, uy tín tại TP.HCM. Hy vọng bạn đọc sẽ có được thông tin hữu ích.\nRối loạn tiền đình là bệnh thường gặp, đặc biệt thường xảy ra từ độ tuổi trung niên. Bệnh ban đầu chỉ gây chóng mặt thoáng qua, nhưng khi diễn tiến nặng có thể gây nguy hiểm. Vì vậy khi có bất kì triệu chứng bệnh tiền đình, người bệnh nên đi khám sớm để được bác sĩ tư vấn phương pháp dự phòng, điều trị bệnh hiệu quả.\n\nTrong bài viết này, BookingCare sẽ giới thiệu đến bạn đọc các bệnh viện, phòng khám rối loạn tiền đình tốt tại TP.HCM để tham khảo thêm.\n\n## 3 Bệnh viện, Phòng khám Rối loạn tiền đình tốt tại TP.HCM\n\nNội dung dưới đây là thông tin, thời gian khám và một số bác sĩ giỏi tại các bệnh viện, phòng khám tốt và uy tín tại TP.HCM để bạn đọc tham khảo và lựa chọn cho mình một địa chỉ khám chữa phù hợp nhất.\n\n### 1. Bệnh viện Đại học Y dược TP.HCM\n\n**Thông tin**\n\nMột trong những bệnh viện tuyến Trung ương lớn nhất nhì cả nước phải nhắc đến là Bệnh viện Đại học Y dược TP.HCM. Bệnh viện là cơ sở thực hành của sinh viên , cũng là nơi khám và điều trị cho người bệnh của các bác sĩ đầu ngành, chuyên gia, giảng viên trường trường Đại học Y dược TP.HCM.\n\nBệnh viện có 3 cơ sở và 1 phòng khám, nhưng để đi khám tiền đình hiệu quả thì người bệnh nên đến cơ sở 1 hoặc cơ sở 2 theo địa chỉ và thời gian khám bên trên, 2 địa địa chỉ còn lại chưa chuyên sâu khám và điều trị về các bệnh lý chuyên khoa thần kinh.\n\nĐây là địa chỉ khám chữa bệnh uy tín cho bệnh nhân rối loạn tiền đình nói riêng và bệnh thần kinh nói chung. Bệnh viện được trang bị hệ thống thiết bị từ cơ bản đến chuyên sâu, đáp ứng số lượng đông bệnh nhân khám cùng lúc.\n\n### 2. Bệnh viện Chuyên khoa Ngoại Thần kinh Quốc tế\n\n**Thông tin**\n\nBệnh viện Chuyên khoa Ngoại Thần kinh Quốc tế là bệnh viện chuyên khoa thần kinh tư nhân đầu tiên trên cả nước, cũng là bệnh viện vệ tinh của Bệnh viện Chợ Rẫy. Bệnh viện được thành lập và điều hành bởi PGs.Ts. Võ Văn Nho, Nguyên Trưởng khoa Ngoại Thần kinh, Bệnh viện Chợ Rẫy.\n\n-   Địa chỉ: 65A Lũy Bán Bích, P. Tân Thới Hoà, Q. Tân Phú, TP.HCM\n-   Thời gian khám: Thứ 2 - thứ 7: 6h30 - 17h00\n\nBệnh viện Chuyên khoa Ngoại Thần kinh Quốc tế chuyên sâu khám và điều trị các bệnh lý thần kinh, cột sống, chấn thương chỉnh hình bằng cả nội khoa và ngoại khoa. Vì vậy với những người bệnh rối loạn tiền đình đi khám tại đây là phù hợp.\n\nMột số loại thiết bị hiện đại của bệnh viện phải kể đến như: 2 máy chụp cắt lớp vi tính, 3 máy chụp cộng hưởng từ, hệ thống định vị trong phẫu thuật thần kinh, 2 máy chụp X Quang kỹ thuật số, máy đo điện cơ, điện não, máy siêu âm xuyên sọ, máy siêu âm màu 3D, hệ thống xét nghiệm sinh hóa, miễn dịch tự động....\n\n### 3. Bệnh viện Gia An 115\n\n**Thông tin**\n\nBệnh viện Gia An 115 là bệnh viện tư nhân, nhưng hợp tác chuyên môn với Bệnh viện Nhân dân 115 trong khám, điều trị bệnh cho người dân tại TP.HCM và khu vực lân cận.\n\n-   Địa chỉ: Số 05, Đường 17A, P. Bình Trị Đông B, Q.Bình Tân, TP. HCM\n-   Thời gian: Thứ 2 - thứ 7: 7h00 - 16h00\n\nBệnh viện Gia An 115 là một trong những bệnh viện tư nhân lớn, uy tín tại TP.HCM. Bệnh viện rộng rãi, cơ sở vật chất khang trang, hệ thống trang thiết bị được đầu tư mới hiện đại: máy điện não, điện cơ, hệ thống X-quang, siêu âm 3D, 4D, máy chụp huỳnh quang, máy chụp cắt lớp vi tính 128 dãy, máy chụp cộng hưởng từ,....\n\nHơn nữa, các bác sĩ, kỹ thuật viên chẩn đoán hình ảnh của Bệnh viện Nhân dân 115 thường xuyên có thời gian làm việc và chuyển giao kỹ thuật cho các bác sĩ tại đây. Vì vậy, đây cũng là một trong những địa chỉ uy tín cho người bệnh rối loạn tiền đình.', '<h2 id=\"bivitgiithiunbncdanhschbnhvinphngkhmrilontinnhttuytntitphcmhyvngbncsccthngtinhuch\">Bài viết giới thiệu đến bạn đọc danh sách bệnh viện, phòng khám rối loạn tiền đình tốt, uy tín tại TP.HCM. Hy vọng bạn đọc sẽ có được thông tin hữu ích.</h2>\n<p>Rối loạn tiền đình là bệnh thường gặp, đặc biệt thường xảy ra từ độ tuổi trung niên. Bệnh ban đầu chỉ gây chóng mặt thoáng qua, nhưng khi diễn tiến nặng có thể gây nguy hiểm. Vì vậy khi có bất kì triệu chứng bệnh tiền đình, người bệnh nên đi khám sớm để được bác sĩ tư vấn phương pháp dự phòng, điều trị bệnh hiệu quả.</p>\n<p>Trong bài viết này, BookingCare sẽ giới thiệu đến bạn đọc các bệnh viện, phòng khám rối loạn tiền đình tốt tại TP.HCM để tham khảo thêm.</p>\n<h2 id=\"3bnhvinphngkhmrilontinnhtttitphcm\">3 Bệnh viện, Phòng khám Rối loạn tiền đình tốt tại TP.HCM</h2>\n<p>Nội dung dưới đây là thông tin, thời gian khám và một số bác sĩ giỏi tại các bệnh viện, phòng khám tốt và uy tín tại TP.HCM để bạn đọc tham khảo và lựa chọn cho mình một địa chỉ khám chữa phù hợp nhất.</p>\n<h3 id=\"1bnhvinihcydctphcm\">1. Bệnh viện Đại học Y dược TP.HCM</h3>\n<p><strong>Thông tin</strong></p>\n<p>Một trong những bệnh viện tuyến Trung ương lớn nhất nhì cả nước phải nhắc đến là Bệnh viện Đại học Y dược TP.HCM. Bệnh viện là cơ sở thực hành của sinh viên , cũng là nơi khám và điều trị cho người bệnh của các bác sĩ đầu ngành, chuyên gia, giảng viên trường trường Đại học Y dược TP.HCM.</p>\n<p>Bệnh viện có 3 cơ sở và 1 phòng khám, nhưng để đi khám tiền đình hiệu quả thì người bệnh nên đến cơ sở 1 hoặc cơ sở 2 theo địa chỉ và thời gian khám bên trên, 2 địa địa chỉ còn lại chưa chuyên sâu khám và điều trị về các bệnh lý chuyên khoa thần kinh.</p>\n<p>Đây là địa chỉ khám chữa bệnh uy tín cho bệnh nhân rối loạn tiền đình nói riêng và bệnh thần kinh nói chung. Bệnh viện được trang bị hệ thống thiết bị từ cơ bản đến chuyên sâu, đáp ứng số lượng đông bệnh nhân khám cùng lúc.</p>\n<h3 id=\"2bnhvinchuynkhoangoithnkinhquct\">2. Bệnh viện Chuyên khoa Ngoại Thần kinh Quốc tế</h3>\n<p><strong>Thông tin</strong></p>\n<p>Bệnh viện Chuyên khoa Ngoại Thần kinh Quốc tế là bệnh viện chuyên khoa thần kinh tư nhân đầu tiên trên cả nước, cũng là bệnh viện vệ tinh của Bệnh viện Chợ Rẫy. Bệnh viện được thành lập và điều hành bởi PGs.Ts. Võ Văn Nho, Nguyên Trưởng khoa Ngoại Thần kinh, Bệnh viện Chợ Rẫy.</p>\n<ul>\n<li>Địa chỉ: 65A Lũy Bán Bích, P. Tân Thới Hoà, Q. Tân Phú, TP.HCM</li>\n<li>Thời gian khám: Thứ 2 - thứ 7: 6h30 - 17h00</li>\n</ul>\n<p>Bệnh viện Chuyên khoa Ngoại Thần kinh Quốc tế chuyên sâu khám và điều trị các bệnh lý thần kinh, cột sống, chấn thương chỉnh hình bằng cả nội khoa và ngoại khoa. Vì vậy với những người bệnh rối loạn tiền đình đi khám tại đây là phù hợp.</p>\n<p>Một số loại thiết bị hiện đại của bệnh viện phải kể đến như: 2 máy chụp cắt lớp vi tính, 3 máy chụp cộng hưởng từ, hệ thống định vị trong phẫu thuật thần kinh, 2 máy chụp X Quang kỹ thuật số, máy đo điện cơ, điện não, máy siêu âm xuyên sọ, máy siêu âm màu 3D, hệ thống xét nghiệm sinh hóa, miễn dịch tự động….</p>\n<h3 id=\"3bnhvingiaan115\">3. Bệnh viện Gia An 115</h3>\n<p><strong>Thông tin</strong></p>\n<p>Bệnh viện Gia An 115 là bệnh viện tư nhân, nhưng hợp tác chuyên môn với Bệnh viện Nhân dân 115 trong khám, điều trị bệnh cho người dân tại TP.HCM và khu vực lân cận.</p>\n<ul>\n<li>Địa chỉ: Số 05, Đường 17A, P. Bình Trị Đông B, Q.Bình Tân, TP. HCM</li>\n<li>Thời gian: Thứ 2 - thứ 7: 7h00 - 16h00</li>\n</ul>\n<p>Bệnh viện Gia An 115 là một trong những bệnh viện tư nhân lớn, uy tín tại TP.HCM. Bệnh viện rộng rãi, cơ sở vật chất khang trang, hệ thống trang thiết bị được đầu tư mới hiện đại: máy điện não, điện cơ, hệ thống X-quang, siêu âm 3D, 4D, máy chụp huỳnh quang, máy chụp cắt lớp vi tính 128 dãy, máy chụp cộng hưởng từ,….</p>\n<p>Hơn nữa, các bác sĩ, kỹ thuật viên chẩn đoán hình ảnh của Bệnh viện Nhân dân 115 thường xuyên có thời gian làm việc và chuyển giao kỹ thuật cho các bác sĩ tại đây. Vì vậy, đây cũng là một trong những địa chỉ uy tín cho người bệnh rối loạn tiền đình.</p>', 0, 0, 0, 5, NULL, '2020-03-18 07:25:11', '2020-03-18 07:25:11', NULL, NULL),
(4, 'Bài đăng giới thiệu Giáo sư, Tiến sĩ, Bác sĩ Phạm Văn Tuấn', '\n## Giáo sư, Tiến sĩ, Bác sĩ Phạm Văn Tuấn\n\n-   Giáo sư, Tiến sỹ, Bác sĩ chuyên khoa Ngoại Tiêu hóa\n-   Chuyên gia đầu ngành trong lĩnh vực bệnh lý Tiêu hóa\n-   Kinh nghiệm làm việc trên 35 năm trong lĩnh vực bệnh lý Tiêu hóa\n-   Chuyên ngành Ngoại – Phẫu thuật Nội soi Tiêu hóa, Ổ bụng & các bệnh lý hậu môn, trực tràng.\n-   Bác sĩ Nội trú Bệnh viện Việt Đức\n-   Nguyên Chủ nhiệm Bộ môn Ngoại - Đại học Y Hà Nội\n-   Nguyên Giám đốc Bệnh viện Đại học Y Hà Nội\n-   Nguyên Phó Giám đốc Bệnh viện Việt Đức.\n-   Bác sĩ khám cho người bệnh từ 3 tuổi trở lên\n\n### **Quá trình Đào tạo**\n\n-   Tốt nghiệp Bác sĩ Đa khoa, Đại học Y Hà Nội.\n-   Bác sĩ Nội trú tại các bệnh viện ở Paris, Cộng hòa Pháp\n-   Thực tập sinh khoa Tiêu hóa trường Đại học Tokai, Nhật Bản\n-   Tu nghiệp về chuyên khoa Tiêu hóa tại Mỹ, Singapore, Hàn Quốc\n\n### **Sách và các công trình nghiên cứu, báo cáo khoa học**\n\n-   Chủ biên nhiều bộ sách giáo khoa về Ngoại khoa phẫu thuật tiêu hóa và chuyên sâu về tiêu hóa.\n-   Tham gia các đề tài nghiên cứu khoa học về ung thư dạ dày, đại trực tràng; các chủ đề về bệnh lý tụy; các loại phẫu thuật nội soi, nội soi can thiệp; bệnh lý về hậu môn trực tràng.\n\n### **Thành viên các Hội khoa học, tổ chức chuyên môn**\n\n-   Nguyên Tổng thư kí Hội Ngoại khoa Việt Nam\n-   Phó Chủ tịch Hội Khoa học về Hậu môn trực tràng\n\n### **Tham gia các chuyên đề sức khỏe**\n\n-   Ban biên tập Tạp chí Y học thực hành\n-   Ban biên tập Tạp chí Ngoại khoa\n-   Ban biên tập Tạp chí Hậu môn Trực tràng\n\n## **Giáo sư Khám, điều trị các bệnh**\n\n-   Giáo sư nhận khám, điều trị các bệnh lý khó về Tiêu hóa, hậu môn, trực tràng, gan mật.  \n    \n-   Trực tiếp tiến hành Nội soi tiêu hóa, dạ dày, đại tràng\n-   Khám, Nội soi, Xét nghiệm sàng lọc ung thư đại trực tràng\n-   Khám, Nội soi, Xét nghiệm sàng lọc ung thư dạ dày\n-   Khám, Nội soi, Xét nghiệm sàng lọc bệnh lý ung thư đường tiêu hóa\n-   Khám, Nội soi, tư vấn điều trị bệnh lý Hậu môn, Bệnh Trĩ Nội, Trĩ Ngoại.\n\nKhám và điều trị các bệnh lý dạ dày\n\n-   Gắp dị vật đường tiêu hóa\n-   Đau dạ dày\n-   Chảy máu dạ dày\n-   Đau thượng vị\n-   Viêm dạ dày\n-   Loét dạ dày tá tràng\n-   Nhiễm Helicobacter pylori dạ dày (HP)\n-   Trào ngược dạ dày thực quản (Gerd)\n-   Tắc ruột\n-   Polyp dạ dày\n-   Chảy máu dạ dày\n-   Viêm dạ dày ruột Virus\n-   Viêm ruột thừa\n-   Polyp dạ dày\n-   Ung thư dạ dày\n-   Táo bón\n-   Khó nuốt\n-   Khó tiêu\n-   Ợ nóng, Ợ chua\n-   Táo bón\n\nBệnh lý đại tràng, trực tràng, hậu môn\n\n-   Hội chứng ruột kích thích (viêm đại tràng co thắt)\n-   Viêm đại tràng\n-   Viêm đại tràng màng giả\n-   Viêm loét đại tràng\n-   Bệnh trĩ, trĩ chảy máu, rò hậu môn\n-   Rò hậu môn, ngứa hậu môn\n-   Nứt kẽ hậu môn, đại tiện ra máu, đại tiện khó\n-   Apxe hậu môn\n-   Đi ngoài ra máu\n\n**Khám và điều trị các bệnh lý về gan, mật**\n\n-   Viêm túi mật, sỏi mật\n-   Viêm tụy\n-   Viêm xơ đường mật\n-   Viêm xơ gan do rượu\n-   Xơ gan\n-   U gan\n\n**Nội soi tiêu hóa**\n\n-   Gắp dị vật đường tiêu hóa\n-   Khám, Nội soi, tư vấn điều trị bệnh lý Hậu môn, Bệnh Trĩ Nội, Trĩ Ngoại\n-   Khám, Nội soi, Xét nghiệm sàng lọc ung thư đại trực tràng\n-   Khám, Nội soi, Xét nghiệm sàng lọc bệnh lý ung thư đường tiêu hóa\n-   Khám, nội soi dạ dày\n-   Nội soi dạ dày (có gây mê)\n-   Nội soi đại tràng (có gây mê)\n-   Nội soi cắt polyp dạ dày\n-   Nội soi cắt polyp đại trực tràng\n-   Phẫu thuật nội soi cắt u dưới niêm mạc dạ dày – tá tràng, đại tràng\n-   Phẫu thuật nội soi trào ngược dạ dày thực quản\n\n### Thiết bị hiện đại\n\nTrong thăm khám và điều trị các bệnh lý tiêu hóa được thực hiện trên các thiết bị chẩn đoán hình ảnh hiện đại như máy nội soi Olympus CV 180 - Nhật Bản, là một trong những thiết bị nội soi dạ dày, đại tràng tiên tiến nhất hiện nay. Sử dụng ánh sáng băng tần dải hẹp, Olympus CV 180 cho hình ảnh có độ phân giải cao, giúp Bác sĩ nhìn rõ tổn thương và chẩn đoán chính xác.\n\n### Cơ sở tiện nghi\n\nDịch vụ chăm sóc thân thiện, cơ sở vật chất khang trang, chất lượng cao. Hệ thống trang thiết bị công nghệ cao cấp hiện đại hàng đầu giúp cho quá trình khám và điều trị bệnh nhân đạt hiệu quả cao nhất.', '<h2 id=\"giostinsbcsphmvntun\">Giáo sư, Tiến sĩ, Bác sĩ Phạm Văn Tuấn</h2>\n<ul>\n<li>Giáo sư, Tiến sỹ, Bác sĩ chuyên khoa Ngoại Tiêu hóa</li>\n<li>Chuyên gia đầu ngành trong lĩnh vực bệnh lý Tiêu hóa</li>\n<li>Kinh nghiệm làm việc trên 35 năm trong lĩnh vực bệnh lý Tiêu hóa</li>\n<li>Chuyên ngành Ngoại – Phẫu thuật Nội soi Tiêu hóa, Ổ bụng &amp; các bệnh lý hậu môn, trực tràng.</li>\n<li>Bác sĩ Nội trú Bệnh viện Việt Đức</li>\n<li>Nguyên Chủ nhiệm Bộ môn Ngoại - Đại học Y Hà Nội</li>\n<li>Nguyên Giám đốc Bệnh viện Đại học Y Hà Nội</li>\n<li>Nguyên Phó Giám đốc Bệnh viện Việt Đức.</li>\n<li>Bác sĩ khám cho người bệnh từ 3 tuổi trở lên</li>\n</ul>\n<h3 id=\"qutrnhoto\"><strong>Quá trình Đào tạo</strong></h3>\n<ul>\n<li>Tốt nghiệp Bác sĩ Đa khoa, Đại học Y Hà Nội.</li>\n<li>Bác sĩ Nội trú tại các bệnh viện ở Paris, Cộng hòa Pháp</li>\n<li>Thực tập sinh khoa Tiêu hóa trường Đại học Tokai, Nhật Bản</li>\n<li>Tu nghiệp về chuyên khoa Tiêu hóa tại Mỹ, Singapore, Hàn Quốc</li>\n</ul>\n<h3 id=\"schvcccngtrnhnghincubocokhoahc\"><strong>Sách và các công trình nghiên cứu, báo cáo khoa học</strong></h3>\n<ul>\n<li>Chủ biên nhiều bộ sách giáo khoa về Ngoại khoa phẫu thuật tiêu hóa và chuyên sâu về tiêu hóa.</li>\n<li>Tham gia các đề tài nghiên cứu khoa học về ung thư dạ dày, đại trực tràng; các chủ đề về bệnh lý tụy; các loại phẫu thuật nội soi, nội soi can thiệp; bệnh lý về hậu môn trực tràng.</li>\n</ul>\n<h3 id=\"thnhvincchikhoahctchcchuynmn\"><strong>Thành viên các Hội khoa học, tổ chức chuyên môn</strong></h3>\n<ul>\n<li>Nguyên Tổng thư kí Hội Ngoại khoa Việt Nam</li>\n<li>Phó Chủ tịch Hội Khoa học về Hậu môn trực tràng</li>\n</ul>\n<h3 id=\"thamgiaccchuynsckhe\"><strong>Tham gia các chuyên đề sức khỏe</strong></h3>\n<ul>\n<li>Ban biên tập Tạp chí Y học thực hành</li>\n<li>Ban biên tập Tạp chí Ngoại khoa</li>\n<li>Ban biên tập Tạp chí Hậu môn Trực tràng</li>\n</ul>\n<h2 id=\"gioskhmiutrccbnh\"><strong>Giáo sư Khám, điều trị các bệnh</strong></h2>\n<ul>\n<li><p>Giáo sư nhận khám, điều trị các bệnh lý khó về Tiêu hóa, hậu môn, trực tràng, gan mật.  </p></li>\n<li><p>Trực tiếp tiến hành Nội soi tiêu hóa, dạ dày, đại tràng</p></li>\n<li><p>Khám, Nội soi, Xét nghiệm sàng lọc ung thư đại trực tràng</p></li>\n<li><p>Khám, Nội soi, Xét nghiệm sàng lọc ung thư dạ dày</p></li>\n<li><p>Khám, Nội soi, Xét nghiệm sàng lọc bệnh lý ung thư đường tiêu hóa</p></li>\n<li><p>Khám, Nội soi, tư vấn điều trị bệnh lý Hậu môn, Bệnh Trĩ Nội, Trĩ Ngoại.</p></li>\n</ul>\n<p>Khám và điều trị các bệnh lý dạ dày</p>\n<ul>\n<li>Gắp dị vật đường tiêu hóa</li>\n<li>Đau dạ dày</li>\n<li>Chảy máu dạ dày</li>\n<li>Đau thượng vị</li>\n<li>Viêm dạ dày</li>\n<li>Loét dạ dày tá tràng</li>\n<li>Nhiễm Helicobacter pylori dạ dày (HP)</li>\n<li>Trào ngược dạ dày thực quản (Gerd)</li>\n<li>Tắc ruột</li>\n<li>Polyp dạ dày</li>\n<li>Chảy máu dạ dày</li>\n<li>Viêm dạ dày ruột Virus</li>\n<li>Viêm ruột thừa</li>\n<li>Polyp dạ dày</li>\n<li>Ung thư dạ dày</li>\n<li>Táo bón</li>\n<li>Khó nuốt</li>\n<li>Khó tiêu</li>\n<li>Ợ nóng, Ợ chua</li>\n<li>Táo bón</li>\n</ul>\n<p>Bệnh lý đại tràng, trực tràng, hậu môn</p>\n<ul>\n<li>Hội chứng ruột kích thích (viêm đại tràng co thắt)</li>\n<li>Viêm đại tràng</li>\n<li>Viêm đại tràng màng giả</li>\n<li>Viêm loét đại tràng</li>\n<li>Bệnh trĩ, trĩ chảy máu, rò hậu môn</li>\n<li>Rò hậu môn, ngứa hậu môn</li>\n<li>Nứt kẽ hậu môn, đại tiện ra máu, đại tiện khó</li>\n<li>Apxe hậu môn</li>\n<li>Đi ngoài ra máu</li>\n</ul>\n<p><strong>Khám và điều trị các bệnh lý về gan, mật</strong></p>\n<ul>\n<li>Viêm túi mật, sỏi mật</li>\n<li>Viêm tụy</li>\n<li>Viêm xơ đường mật</li>\n<li>Viêm xơ gan do rượu</li>\n<li>Xơ gan</li>\n<li>U gan</li>\n</ul>\n<p><strong>Nội soi tiêu hóa</strong></p>\n<ul>\n<li>Gắp dị vật đường tiêu hóa</li>\n<li>Khám, Nội soi, tư vấn điều trị bệnh lý Hậu môn, Bệnh Trĩ Nội, Trĩ Ngoại</li>\n<li>Khám, Nội soi, Xét nghiệm sàng lọc ung thư đại trực tràng</li>\n<li>Khám, Nội soi, Xét nghiệm sàng lọc bệnh lý ung thư đường tiêu hóa</li>\n<li>Khám, nội soi dạ dày</li>\n<li>Nội soi dạ dày (có gây mê)</li>\n<li>Nội soi đại tràng (có gây mê)</li>\n<li>Nội soi cắt polyp dạ dày</li>\n<li>Nội soi cắt polyp đại trực tràng</li>\n<li>Phẫu thuật nội soi cắt u dưới niêm mạc dạ dày – tá tràng, đại tràng</li>\n<li>Phẫu thuật nội soi trào ngược dạ dày thực quản</li>\n</ul>\n<h3 id=\"thitbhini\">Thiết bị hiện đại</h3>\n<p>Trong thăm khám và điều trị các bệnh lý tiêu hóa được thực hiện trên các thiết bị chẩn đoán hình ảnh hiện đại như máy nội soi Olympus CV 180 - Nhật Bản, là một trong những thiết bị nội soi dạ dày, đại tràng tiên tiến nhất hiện nay. Sử dụng ánh sáng băng tần dải hẹp, Olympus CV 180 cho hình ảnh có độ phân giải cao, giúp Bác sĩ nhìn rõ tổn thương và chẩn đoán chính xác.</p>\n<h3 id=\"cstinnghi\">Cơ sở tiện nghi</h3>\n<p>Dịch vụ chăm sóc thân thiện, cơ sở vật chất khang trang, chất lượng cao. Hệ thống trang thiết bị công nghệ cao cấp hiện đại hàng đầu giúp cho quá trình khám và điều trị bệnh nhân đạt hiệu quả cao nhất.</p>', 4, 0, 0, 5, NULL, '2020-03-18 07:32:19', '2020-03-18 07:32:19', NULL, NULL),
(5, '3 bác sĩ Tai mũi họng Nhi giỏi ở Hà Nội', 'Không phải bác sĩ chuyên khoa Tai mũi họng nào cũng có thể khám được cho trẻ, nhất là trẻ nhỏ và không phải bác sĩ Nhi nào cũng có thế mạnh về Tai mũi họng. Vì vậy, bố mẹ hãy tìm hiểu kỹ về bác sĩ và lựa chọn một người phù hợp nhất để đưa con đi khám.\n\nBài viết dưới đây sẽ giới thiệu và review các bác sĩ Tai Mũi Họng trẻ em giỏi tại Hà Nội. Nếu thấy hữu ích hãy lưu lại và chia sẻ với bạn bè nhé.\n\n## Thế nào là bác sĩ Tai mũi họng Nhi giỏi?\n\nĐể lựa chọn bác sĩ giỏi và tin tưởng để đưa con đi khám cần những tiêu chí:\n\n1.  Bác sĩ có chuyên môn về Tai mũi họng Nhi: Bác sĩ có chuyên môn về Tai mũi họng trẻ em thì mới có thể chẩn đoán và đưa ra phương án điều trị phù hợp, mức độ nào thì cần phải dùng kháng sinh, rồi kháng liều dùng thế nào.\n2.  Bác sĩ có kinh nghiệm khám cho trẻ nhỏ: Trẻ nhỏ thường hoảng sợ và không hợp tác vì vậy nên khám với một bác sĩ có kinh nghiệm khám cho trẻ em.\n3.  Bác sĩ được phụ huynh phản hồi tốt về hiệu quả điều trị (mát tay).\n\n## 3 bác sĩ Tai mũi họng Nhi giỏi Hà Nội\n\nKhông phải bác sĩ Tai mũi họng nào cũng có thể khám và nhận khám cho trẻ em. Thông thường bác sĩ sẽ giới hạn độ tuổi (Vd: nhận khám cho bệnh nhân từ 3 tuổi trở lên),bố mẹ hãy hỏi kỹ trước khi đi khám nhé.\n\n### 1. PGs.Ts.Bs. Nguyễn Thị Hoài An\n\n-   Nguyên Trưởng khoa Tai Mũi Họng trẻ em - Bệnh viện Tai Mũi Họng Trung ương (nghỉ công tác năm 2011)\n-   Bác sĩ có trên 30 năm kinh nghiệm, trong đó có 25 năm làm việc tại Bệnh viện Tai Mũi Họng Trung ương\n-   Bác sĩ nhận khám cho cả trẻ sơ sinh và trẻ nhỏ\n-   Thế mạnh: Khám và điều trị, phẫu thuật viêm VA, amidan, viêm họng hạt\n\nHiện tại, trung bình mỗi tháng Phó Giáo sư Hoài An thực hiện khám, điều trị, phẫu thuật cho khoảng 200 trẻ em mắc các bệnh viêm VA, amidan, viêm họng hạt. Đặc biệt, đều nhận được phản hồi tích cực từ phụ huynh về hiệu quả điều trị.\n\nNgoài ra, bác sĩ vẫn đều đặn khám chữa các mặt bệnh Tai Mũi Họng khác cho trẻ, cùng với kinh nghiệm dày dặn về khám và điều trị cho trẻ em khi còn công tác tại Bệnh viện TMH Trung ương, phụ huynh có thể hoàn toàn yên tâm đưa con đến khám chữa.\n**Thông tin lịch khám**\n\nPGs. Nguyễn Thị Hoài An nghỉ công tác tại Bệnh viện Tai Mũi Họng Trung ương khi chưa đến tuổi về hưu, và từ đó đến nay cô khám tại  **Bệnh viện An Việt**  là một bệnh viện tư nhân lớn, có thế mạnh về khám chữa tai mũi họng ở Hà Nội.\n\n-   Địa chỉ: Số 1E Trường Chinh, Đống Đa, Hà Nội\n-   Bệnh viện có đầy đủ hệ thống trang thiết bị khám chữa tai mũi họng cho trẻ em. Ngoài ra, có hệ thống phẫu thuật nạo VA, amidan bằng dao plasma, coblator,...\n-   Bác sĩ thường có lịch khám vào tất cả các buổi sáng trong tuần, buổi chiều lịch thường không cố định và nếu có bác sĩ sẽ khám vào cuối buổi chiều.\n\nLưu ý nhỏ rằng, bác sĩ Hoài An rất đông bệnh nhân, mặc dù có thể đặt khám trước nhưng không chỉ chắc chắn gặp được bác sĩ và không được ưu tiên khi đi khám, thời gian chờ đợi để khám tương đối lâu, trung bình từ 30 phút - 1 tiếng. Nếu đi khám đầu giờ sáng hoặc cuối giờ trưa thì thời gian chờ sẽ nhanh hơn.\n\n### **2. Tiến sĩ, Bác sĩ Đào Đình Thi**\n\n-   Trưởng khoa Nội soi, Bệnh viện Tai Mũi Họng Trung ương\n-   Bác sĩ có gần 20 năm kinh nghiệm khám và điều trị bệnh Tai Mũi Họng\n-   Bác sĩ nhận khám cho trẻ sơ sinh, trẻ em và người lớn\n-   Thế mạnh: Nội soi Tai Mũi Họng, khám và điều trị viêm tai, viêm mũi,...\n\nBác sĩ Đào Đình Thi là một trong những bác sĩ Tai Mũi Họng trẻ được nhiều người bệnh tìm đến thăm khám. Thực tế, bác sĩ chỉ khám tại phòng khám riêng vào cuối buổi chiều, nhưng lúc nào cũng rất đông bệnh nhân, chủ yếu là các em nhỏ.\n\nĐặc biệt, khi công tác tại Bệnh viện TMH Trung ương, bác sĩ đã từng có thời gian thực hành tại hầu hết các khoa chuyên sâu, nhờ vậy mà nắm vững chuyên môn khám và điều trị nhiều mặt bệnh. Bác sĩ còn được nhiều phụ huynh phản hồi rằng rất tỉ mỉ, cẩn thận trong quá trình khám bệnh.\n### **3. Thạc sĩ, Bác sĩ Nguyễn Công Thành**\n\n-   Trưởng khoa Tai Mũi Họng trẻ em, Bệnh viện Tai Mũi họng Trung ương\n-   Chuyên gia về Tai Mũi Họng trẻ em\n-   20 năm kinh nghiệm khám và điều trị bệnh lý Tai Mũi Họng\n-   Bác sĩ nhận khám cho cả trẻ sơ sinh và trẻ nhỏ\n-   Thế mạnh: Tai Mũi Họng trẻ em\n\nBác sĩ Nguyễn Công Thành có nhiều kinh nghiệm trong khám chữa các bệnh Tai Mũi Họng ở trẻ em. Bác sĩ đã trực tiếp thăm khám và điều trị các bệnh lý liên quan như: viêm mũi, viêm họng, viêm xoang, viêm họng, ù tai...\n\n**Thông tin lịch khám**\n\nBác sĩ có hiện có lịch khám tại:\n\n**Bệnh viện Tai Mũi Họng Trung ương**\n\n-   Địa chỉ: Số 78 Giải Phóng, Đống Đa, Hà Nội.\n-   Giống như bác sĩ Đào Đình Thi, thông tin lịch khám của bác sĩ Nguyễn Công Thành người bệnh cũng cần liên hệ trực tiếp đến bệnh viện.\n\n**Phòng khám Tai Mũi Họng - Bác sĩ Nguyễn Công Thành**\n\n-   Địa chỉ: Số 5 ngõ 366 Ngọc Lâm, Ngọc Lâm, Long Biên, Hà Nội\n\n-   Phòng khám có thiết bị nội soi cơ bản, vì vậy không phù hợp với những trẻ có bệnh lý Tai Mũi Họng phức tạp.\n-   Bác sĩ thường khám vào ngoài giờ buổi tối từ thứ 2 - thứ 7 hàng tuần.', '<p>Không phải bác sĩ chuyên khoa Tai mũi họng nào cũng có thể khám được cho trẻ, nhất là trẻ nhỏ và không phải bác sĩ Nhi nào cũng có thế mạnh về Tai mũi họng. Vì vậy, bố mẹ hãy tìm hiểu kỹ về bác sĩ và lựa chọn một người phù hợp nhất để đưa con đi khám.</p>\n<p>Bài viết dưới đây sẽ giới thiệu và review các bác sĩ Tai Mũi Họng trẻ em giỏi tại Hà Nội. Nếu thấy hữu ích hãy lưu lại và chia sẻ với bạn bè nhé.</p>\n<h2 id=\"thnolbcstaimihngnhigii\">Thế nào là bác sĩ Tai mũi họng Nhi giỏi?</h2>\n<p>Để lựa chọn bác sĩ giỏi và tin tưởng để đưa con đi khám cần những tiêu chí:</p>\n<ol>\n<li>Bác sĩ có chuyên môn về Tai mũi họng Nhi: Bác sĩ có chuyên môn về Tai mũi họng trẻ em thì mới có thể chẩn đoán và đưa ra phương án điều trị phù hợp, mức độ nào thì cần phải dùng kháng sinh, rồi kháng liều dùng thế nào.</li>\n<li>Bác sĩ có kinh nghiệm khám cho trẻ nhỏ: Trẻ nhỏ thường hoảng sợ và không hợp tác vì vậy nên khám với một bác sĩ có kinh nghiệm khám cho trẻ em.</li>\n<li>Bác sĩ được phụ huynh phản hồi tốt về hiệu quả điều trị (mát tay).</li>\n</ol>\n<h2 id=\"3bcstaimihngnhigiihni\">3 bác sĩ Tai mũi họng Nhi giỏi Hà Nội</h2>\n<p>Không phải bác sĩ Tai mũi họng nào cũng có thể khám và nhận khám cho trẻ em. Thông thường bác sĩ sẽ giới hạn độ tuổi (Vd: nhận khám cho bệnh nhân từ 3 tuổi trở lên),bố mẹ hãy hỏi kỹ trước khi đi khám nhé.</p>\n<h3 id=\"1pgstsbsnguynthhoian\">1. PGs.Ts.Bs. Nguyễn Thị Hoài An</h3>\n<ul>\n<li>Nguyên Trưởng khoa Tai Mũi Họng trẻ em - Bệnh viện Tai Mũi Họng Trung ương (nghỉ công tác năm 2011)</li>\n<li>Bác sĩ có trên 30 năm kinh nghiệm, trong đó có 25 năm làm việc tại Bệnh viện Tai Mũi Họng Trung ương</li>\n<li>Bác sĩ nhận khám cho cả trẻ sơ sinh và trẻ nhỏ</li>\n<li>Thế mạnh: Khám và điều trị, phẫu thuật viêm VA, amidan, viêm họng hạt</li>\n</ul>\n<p>Hiện tại, trung bình mỗi tháng Phó Giáo sư Hoài An thực hiện khám, điều trị, phẫu thuật cho khoảng 200 trẻ em mắc các bệnh viêm VA, amidan, viêm họng hạt. Đặc biệt, đều nhận được phản hồi tích cực từ phụ huynh về hiệu quả điều trị.</p>\n<p>Ngoài ra, bác sĩ vẫn đều đặn khám chữa các mặt bệnh Tai Mũi Họng khác cho trẻ, cùng với kinh nghiệm dày dặn về khám và điều trị cho trẻ em khi còn công tác tại Bệnh viện TMH Trung ương, phụ huynh có thể hoàn toàn yên tâm đưa con đến khám chữa.\n<strong>Thông tin lịch khám</strong></p>\n<p>PGs. Nguyễn Thị Hoài An nghỉ công tác tại Bệnh viện Tai Mũi Họng Trung ương khi chưa đến tuổi về hưu, và từ đó đến nay cô khám tại  <strong>Bệnh viện An Việt</strong>  là một bệnh viện tư nhân lớn, có thế mạnh về khám chữa tai mũi họng ở Hà Nội.</p>\n<ul>\n<li>Địa chỉ: Số 1E Trường Chinh, Đống Đa, Hà Nội</li>\n<li>Bệnh viện có đầy đủ hệ thống trang thiết bị khám chữa tai mũi họng cho trẻ em. Ngoài ra, có hệ thống phẫu thuật nạo VA, amidan bằng dao plasma, coblator,…</li>\n<li>Bác sĩ thường có lịch khám vào tất cả các buổi sáng trong tuần, buổi chiều lịch thường không cố định và nếu có bác sĩ sẽ khám vào cuối buổi chiều.</li>\n</ul>\n<p>Lưu ý nhỏ rằng, bác sĩ Hoài An rất đông bệnh nhân, mặc dù có thể đặt khám trước nhưng không chỉ chắc chắn gặp được bác sĩ và không được ưu tiên khi đi khám, thời gian chờ đợi để khám tương đối lâu, trung bình từ 30 phút - 1 tiếng. Nếu đi khám đầu giờ sáng hoặc cuối giờ trưa thì thời gian chờ sẽ nhanh hơn.</p>\n<h3 id=\"2tinsbcsonhthi\"><strong>2. Tiến sĩ, Bác sĩ Đào Đình Thi</strong></h3>\n<ul>\n<li>Trưởng khoa Nội soi, Bệnh viện Tai Mũi Họng Trung ương</li>\n<li>Bác sĩ có gần 20 năm kinh nghiệm khám và điều trị bệnh Tai Mũi Họng</li>\n<li>Bác sĩ nhận khám cho trẻ sơ sinh, trẻ em và người lớn</li>\n<li>Thế mạnh: Nội soi Tai Mũi Họng, khám và điều trị viêm tai, viêm mũi,…</li>\n</ul>\n<p>Bác sĩ Đào Đình Thi là một trong những bác sĩ Tai Mũi Họng trẻ được nhiều người bệnh tìm đến thăm khám. Thực tế, bác sĩ chỉ khám tại phòng khám riêng vào cuối buổi chiều, nhưng lúc nào cũng rất đông bệnh nhân, chủ yếu là các em nhỏ.</p>\n<p>Đặc biệt, khi công tác tại Bệnh viện TMH Trung ương, bác sĩ đã từng có thời gian thực hành tại hầu hết các khoa chuyên sâu, nhờ vậy mà nắm vững chuyên môn khám và điều trị nhiều mặt bệnh. Bác sĩ còn được nhiều phụ huynh phản hồi rằng rất tỉ mỉ, cẩn thận trong quá trình khám bệnh.</p>\n<h3 id=\"3thcsbcsnguyncngthnh\"><strong>3. Thạc sĩ, Bác sĩ Nguyễn Công Thành</strong></h3>\n<ul>\n<li>Trưởng khoa Tai Mũi Họng trẻ em, Bệnh viện Tai Mũi họng Trung ương</li>\n<li>Chuyên gia về Tai Mũi Họng trẻ em</li>\n<li>20 năm kinh nghiệm khám và điều trị bệnh lý Tai Mũi Họng</li>\n<li>Bác sĩ nhận khám cho cả trẻ sơ sinh và trẻ nhỏ</li>\n<li>Thế mạnh: Tai Mũi Họng trẻ em</li>\n</ul>\n<p>Bác sĩ Nguyễn Công Thành có nhiều kinh nghiệm trong khám chữa các bệnh Tai Mũi Họng ở trẻ em. Bác sĩ đã trực tiếp thăm khám và điều trị các bệnh lý liên quan như: viêm mũi, viêm họng, viêm xoang, viêm họng, ù tai…</p>\n<p><strong>Thông tin lịch khám</strong></p>\n<p>Bác sĩ có hiện có lịch khám tại:</p>\n<p><strong>Bệnh viện Tai Mũi Họng Trung ương</strong></p>\n<ul>\n<li>Địa chỉ: Số 78 Giải Phóng, Đống Đa, Hà Nội.</li>\n<li>Giống như bác sĩ Đào Đình Thi, thông tin lịch khám của bác sĩ Nguyễn Công Thành người bệnh cũng cần liên hệ trực tiếp đến bệnh viện.</li>\n</ul>\n<p><strong>Phòng khám Tai Mũi Họng - Bác sĩ Nguyễn Công Thành</strong></p>\n<ul>\n<li><p>Địa chỉ: Số 5 ngõ 366 Ngọc Lâm, Ngọc Lâm, Long Biên, Hà Nội</p></li>\n<li><p>Phòng khám có thiết bị nội soi cơ bản, vì vậy không phù hợp với những trẻ có bệnh lý Tai Mũi Họng phức tạp.</p></li>\n<li><p>Bác sĩ thường khám vào ngoài giờ buổi tối từ thứ 2 - thứ 7 hàng tuần.</p></li>\n</ul>', -1, -1, -1, 3, NULL, '2020-03-18 09:27:04', '2020-03-22 15:38:33', NULL, NULL),
(6, '3 bác sĩ Cột sống giỏi và nhiều kinh nghiệm tại Hà Nội', 'Các bệnh lý Cột sống như: thoát vị đĩa đệm, thoái hóa cột sống, cong vẹo cột sống… là những bệnh lý phổ biến hiện nay, có thể xuất hiện ở bất kì độ tuổi nào. Bệnh gây đau đớn, ảnh hưởng nặng nề đến sinh hoạt, cuộc sống và việc làm của người bệnh.\n\n## 3 bác sĩ Cột sống giỏi và nhiều kinh nghiệm Hà Nội\n\nTrong bài viết này, BookingCare sẽ cung cấp cho bạn đọc các thông tin về bác sĩ Cột sống giỏi tại các bệnh viện uy tín, hỗ trợ người bệnh lựa chọn được bác sĩ giỏi để quá trình điều trị thật sự hiệu quả.\n\n### 1. PGS.TS.BS Kiều Đình Hùng\n\n-   Số năm kinh nghiệm: gần 30 năm\n-   Chuyên môn: Khám chữa các bệnh Thần kinh - Cột sống, Tư vấn và phẫu thuật Cột sống\n\nPGS.TS, TTƯT Kiều Đình Hùng được biết đến là một chuyên gia về phẫu thuật và điều trị các bệnh Cột sống và Thần kinh sọ não. Ngoài khám và điều trị, bác sĩ còn thường xuyên tham gia nhiều hội thảo về thần kinh cột sống tại nhiều nước trên thế giới.\n\nHiện tại, bác sĩ đang công tác, thăm khám trong Bệnh viện Đại học Y Hà Nội và đảm nhiệm nhiều vị trí quan trọng như:\n\n-   Phó Giám Đốc Trung tâm đào tạo và chuyển giao công nghệ - Trường Đại học Y Hà Nội\n-   Trưởng khoa Ngoại thần kinh Cột sống & Chấn thương chỉnh hình – Bệnh viện Đại học Y Hà Nội\n-   Chuyên gia giàu kinh nghiệm trong phẫu thuật và điều trị bệnh Cột sống\n-   Bác sĩ có 20 năm kinh nghiệm công tác ở khoa Phẫu thuật thần kinh - Bệnh viện Việt Đức\n-   Từng tu nghiệp nhiều năm tại Pháp về Phẫu thuật thần kinh - Cột sống\n\n### 2. PGS.TS.BS Nguyễn Văn Thạch\n\n-   Số năm kinh nghiệm: 35 năm\n-   Chuyên môn: Khám chữa các bệnh Thần kinh - Cột sống, Tư vấn và phẫu thuật Cột sống\n\nPGS Nguyễn Văn Thạch là bác sĩ Cột sống nổi tiếng, được mệnh danh là \"bàn tay vàng\" trong lĩnh vực phẫu thuật Cột sống. Bác sĩ cũng là người đi đầu trong việc ứng dụng các công nghệ cao trong phẫu thuật Cột sống như: điều trị thoát vị đĩa đệm bằng sóng cao tần, ứng dụng robot trong phẫu thuật cột sống.\n\nTrong quá trình công tác, PGS Nguyễn Văn Thạch đảm nhiệm nhiều vị trí quan trong như:\n\n-   Chủ tịch Hội chấn thương chỉnh hình Việt Nam\n-   Chủ tịch Hội chấn thương chỉnh hình Đông Nam Á\n-   Nguyên Phó Giám đốc Bệnh viện Việt Đức\n-   Nguyên Viện trưởng Viện Chấn thương chỉnh hình – Bệnh viện Việt Đức\n-   Đào tạo chuyên khoa sâu về Chấn thương chỉnh hình tại Viện chấn thương chỉnh hình trường Đại học tổng hợp Leipzig - Đức\n\n### 3. PGS.TS.BS Phạm Hòa Bình\n\n-   Số năm kinh nghiệm: 30 năm\n-   Chuyên môn: Khám chữa các bệnh Thần kinh - Cột sống, Tư vấn và phẫu thuật Cột sống\n\nPGS Phạm Hòa Bình nguyên là Phó giám đốc Bệnh viện Trung ương Quân đội 108, bác sĩ có kinh nghiệm nhiều năm trong thăm khám và điều trị các bệnh Cột sống như: Các bệnh Thần kinh và Cột sống; Điều trị, phẫu thuật các bệnh về Thần kinh; Điều trị, phẫu thuật Cột sống (thoát vị đĩa đệm, chấn thương cột sống...).\n\nMột số thông tin về PGS.TS Phạm Hòa Bình người bệnh có thể tham khảo:\n\n-   Danh hiệu Thầy thuốc Nhân dân\n-   Nguyên Phó Chủ tịch Hội phẫu thuật Thần kinh Việt Nam\n-   Nguyên Phó Giám đốc Bệnh viện Trung ương Quân đội 108\n-   Giám đốc chuyên môn của Khu Phẫu thuật và Điều trị theo yêu cầu - Bệnh viện 108', '<p>Các bệnh lý Cột sống như: thoát vị đĩa đệm, thoái hóa cột sống, cong vẹo cột sống… là những bệnh lý phổ biến hiện nay, có thể xuất hiện ở bất kì độ tuổi nào. Bệnh gây đau đớn, ảnh hưởng nặng nề đến sinh hoạt, cuộc sống và việc làm của người bệnh.</p>\n<h2 id=\"3bcsctsnggiivnhiukinhnghimhni\">3 bác sĩ Cột sống giỏi và nhiều kinh nghiệm Hà Nội</h2>\n<p>Trong bài viết này, BookingCare sẽ cung cấp cho bạn đọc các thông tin về bác sĩ Cột sống giỏi tại các bệnh viện uy tín, hỗ trợ người bệnh lựa chọn được bác sĩ giỏi để quá trình điều trị thật sự hiệu quả.</p>\n<h3 id=\"1pgstsbskiunhhng\">1. PGS.TS.BS Kiều Đình Hùng</h3>\n<ul>\n<li>Số năm kinh nghiệm: gần 30 năm</li>\n<li>Chuyên môn: Khám chữa các bệnh Thần kinh - Cột sống, Tư vấn và phẫu thuật Cột sống</li>\n</ul>\n<p>PGS.TS, TTƯT Kiều Đình Hùng được biết đến là một chuyên gia về phẫu thuật và điều trị các bệnh Cột sống và Thần kinh sọ não. Ngoài khám và điều trị, bác sĩ còn thường xuyên tham gia nhiều hội thảo về thần kinh cột sống tại nhiều nước trên thế giới.</p>\n<p>Hiện tại, bác sĩ đang công tác, thăm khám trong Bệnh viện Đại học Y Hà Nội và đảm nhiệm nhiều vị trí quan trọng như:</p>\n<ul>\n<li>Phó Giám Đốc Trung tâm đào tạo và chuyển giao công nghệ - Trường Đại học Y Hà Nội</li>\n<li>Trưởng khoa Ngoại thần kinh Cột sống &amp; Chấn thương chỉnh hình – Bệnh viện Đại học Y Hà Nội</li>\n<li>Chuyên gia giàu kinh nghiệm trong phẫu thuật và điều trị bệnh Cột sống</li>\n<li>Bác sĩ có 20 năm kinh nghiệm công tác ở khoa Phẫu thuật thần kinh - Bệnh viện Việt Đức</li>\n<li>Từng tu nghiệp nhiều năm tại Pháp về Phẫu thuật thần kinh - Cột sống</li>\n</ul>\n<h3 id=\"2pgstsbsnguynvnthch\">2. PGS.TS.BS Nguyễn Văn Thạch</h3>\n<ul>\n<li>Số năm kinh nghiệm: 35 năm</li>\n<li>Chuyên môn: Khám chữa các bệnh Thần kinh - Cột sống, Tư vấn và phẫu thuật Cột sống</li>\n</ul>\n<p>PGS Nguyễn Văn Thạch là bác sĩ Cột sống nổi tiếng, được mệnh danh là \"bàn tay vàng\" trong lĩnh vực phẫu thuật Cột sống. Bác sĩ cũng là người đi đầu trong việc ứng dụng các công nghệ cao trong phẫu thuật Cột sống như: điều trị thoát vị đĩa đệm bằng sóng cao tần, ứng dụng robot trong phẫu thuật cột sống.</p>\n<p>Trong quá trình công tác, PGS Nguyễn Văn Thạch đảm nhiệm nhiều vị trí quan trong như:</p>\n<ul>\n<li>Chủ tịch Hội chấn thương chỉnh hình Việt Nam</li>\n<li>Chủ tịch Hội chấn thương chỉnh hình Đông Nam Á</li>\n<li>Nguyên Phó Giám đốc Bệnh viện Việt Đức</li>\n<li>Nguyên Viện trưởng Viện Chấn thương chỉnh hình – Bệnh viện Việt Đức</li>\n<li>Đào tạo chuyên khoa sâu về Chấn thương chỉnh hình tại Viện chấn thương chỉnh hình trường Đại học tổng hợp Leipzig - Đức</li>\n</ul>\n<h3 id=\"3pgstsbsphmhabnh\">3. PGS.TS.BS Phạm Hòa Bình</h3>\n<ul>\n<li>Số năm kinh nghiệm: 30 năm</li>\n<li>Chuyên môn: Khám chữa các bệnh Thần kinh - Cột sống, Tư vấn và phẫu thuật Cột sống</li>\n</ul>\n<p>PGS Phạm Hòa Bình nguyên là Phó giám đốc Bệnh viện Trung ương Quân đội 108, bác sĩ có kinh nghiệm nhiều năm trong thăm khám và điều trị các bệnh Cột sống như: Các bệnh Thần kinh và Cột sống; Điều trị, phẫu thuật các bệnh về Thần kinh; Điều trị, phẫu thuật Cột sống (thoát vị đĩa đệm, chấn thương cột sống…).</p>\n<p>Một số thông tin về PGS.TS Phạm Hòa Bình người bệnh có thể tham khảo:</p>\n<ul>\n<li>Danh hiệu Thầy thuốc Nhân dân</li>\n<li>Nguyên Phó Chủ tịch Hội phẫu thuật Thần kinh Việt Nam</li>\n<li>Nguyên Phó Giám đốc Bệnh viện Trung ương Quân đội 108</li>\n<li>Giám đốc chuyên môn của Khu Phẫu thuật và Điều trị theo yêu cầu - Bệnh viện 108</li>\n</ul>', -1, -1, -1, 3, NULL, '2020-03-18 09:29:39', '2020-03-22 15:37:43', NULL, NULL),
(7, 'Giới thiệu chuyên khoa y học cổ truyền', 'Y học hiện đại ngày càng được ứng dụng hiệu quả trong khám chữa bệnh tại các bệnh viện ở nước ta. Cùng với đó, Y học Cổ truyền cũng được coi trọng, đầu tư và kết hợp với y học hiện đại mang lại hiệu quả khám chữa bệnh cao hơn và phạm vi ứng dụng rộng rãi hơn. \n\nChính vì vậy, ngày nay nhiều người bệnh lựa chọn Y học Cổ truyền như một phương pháp ưu tiên khi cần đi khám và điều trị bệnh tật, nhất là các bệnh mãn tính.', '<p>Y học hiện đại ngày càng được ứng dụng hiệu quả trong khám chữa bệnh tại các bệnh viện ở nước ta. Cùng với đó, Y học Cổ truyền cũng được coi trọng, đầu tư và kết hợp với y học hiện đại mang lại hiệu quả khám chữa bệnh cao hơn và phạm vi ứng dụng rộng rãi hơn. </p>\n<p>Chính vì vậy, ngày nay nhiều người bệnh lựa chọn Y học Cổ truyền như một phương pháp ưu tiên khi cần đi khám và điều trị bệnh tật, nhất là các bệnh mãn tính.</p>', -1, 5, -1, 3, NULL, '2020-03-19 16:34:30', '2020-03-22 15:37:32', NULL, NULL),
(18, 'Giới thiệu chuyên khoa TAI-MŨI-HỌNG', '**Bác sĩ Chuyên khoa Tai Mũi Họng**\n\nHệ thống BookingCare cung cấp thông tin và lịch khám của các bác sĩ uy tín đầu ngành tại Việt Nam.\n\nCác chuyên gia có quá trình đào tạo bài bản, kinh nghiệm công tác tại các bệnh viện lớn về chuyên ngành Tai Mũi Họng tại Hà Nội\n\nCác giáo sư, phó giáo sư là giảng viên Đại học Y khoa Hà Nội\n\nCác bác sĩ đã, đang công tác tại các bệnh viện hàng đầu như Bệnh viện Bạch Mai, Bệnh Viện Tai Mũi Họng Trung ương, Bệnh viện Quân Y 108...\n\nĐược nhà nước công nhận các danh hiệu Thầy thuốc nhân dân, thầy thuốc ưu tú, bác sĩ cao cấp,...\n\n **Các bệnh Tai Mũi Họng**\n\n-   Amiđan sưng\n-   Chảy máu tai\n-   Chảy nước mũi\n-   Có cảm giác vướng trong họng\n-   Có cục u nổi ở trong cổ\n-   Có cục u ở dưới hàm\n-   Có đờm cổ họng\n-   Viêm xoang\n-   Đau buốt quai hàm\n-   Đau cổ họng\n-   Đau họng\n-   Đau miệng\n-   Đau tai\n-   Dịch mũi lẫn máu\n-   Điếc đột ngột\n-   Điếc sâu 2 tai\n-   Hay bị chảy máu cam\n-   Hay nghẹt mũi\n-   Ho kéo dài\n-   Ho nhiều\n-   Khàn tiếng\n-   Khô họng\n-   Khó nuốt\n-   Lệch cuống mũi\n-   Một khối u ở cổ\n-   Mũi chảy nước\n-   Nấm tai\n-   Nghe kém\n-   Nghẹt mũi\n-   Nghẹt mũi kéo dài\n-   Ngủ ngáy\n-   Ngứa cổ họng\n-   Ngứa rát họng\n-   Ngứa vòm miệng\n-   Nhiễm trùng xoang\n-   Nuốt vướng ở cổ\n-   Polip xoang mũi\n-   Rõ lỗ nhĩ\n-   Tăc nghẽn mũi\n-   Tai chảy máu\n-   Tai chảy mủ\n-   Thủng màng nhĩ\n-   U nang sụn phải\n-   Ù tai\n-   U xơ dây thanh quản\n-   Viêm đã xoang\n-   Viêm họng\n-   Viêm họng hạt\n-   Viêm họng mãn tính\n-   Viêm Họng\n-   Viêm tai giữa\n-   Viêm tai thanh dịch\n-   Viêm thanh quản\n-   Viêm xoang cấp\n-   Xơ dây thanh quản\n\nNgoài những vấn đề nêu trên, bệnh nhân có thể liên hệ với chúng tôi để được hỗ trợ, sắp xếp lịch khám phù hợp.', '<p><strong>Bác sĩ Chuyên khoa Tai Mũi Họng</strong></p>\n<p>Hệ thống BookingCare cung cấp thông tin và lịch khám của các bác sĩ uy tín đầu ngành tại Việt Nam.</p>\n<p>Các chuyên gia có quá trình đào tạo bài bản, kinh nghiệm công tác tại các bệnh viện lớn về chuyên ngành Tai Mũi Họng tại Hà Nội</p>\n<p>Các giáo sư, phó giáo sư là giảng viên Đại học Y khoa Hà Nội</p>\n<p>Các bác sĩ đã, đang công tác tại các bệnh viện hàng đầu như Bệnh viện Bạch Mai, Bệnh Viện Tai Mũi Họng Trung ương, Bệnh viện Quân Y 108…</p>\n<p>Được nhà nước công nhận các danh hiệu Thầy thuốc nhân dân, thầy thuốc ưu tú, bác sĩ cao cấp,…</p>\n<p><strong>Các bệnh Tai Mũi Họng</strong></p>\n<ul>\n<li>Amiđan sưng</li>\n<li>Chảy máu tai</li>\n<li>Chảy nước mũi</li>\n<li>Có cảm giác vướng trong họng</li>\n<li>Có cục u nổi ở trong cổ</li>\n<li>Có cục u ở dưới hàm</li>\n<li>Có đờm cổ họng</li>\n<li>Viêm xoang</li>\n<li>Đau buốt quai hàm</li>\n<li>Đau cổ họng</li>\n<li>Đau họng</li>\n<li>Đau miệng</li>\n<li>Đau tai</li>\n<li>Dịch mũi lẫn máu</li>\n<li>Điếc đột ngột</li>\n<li>Điếc sâu 2 tai</li>\n<li>Hay bị chảy máu cam</li>\n<li>Hay nghẹt mũi</li>\n<li>Ho kéo dài</li>\n<li>Ho nhiều</li>\n<li>Khàn tiếng</li>\n<li>Khô họng</li>\n<li>Khó nuốt</li>\n<li>Lệch cuống mũi</li>\n<li>Một khối u ở cổ</li>\n<li>Mũi chảy nước</li>\n<li>Nấm tai</li>\n<li>Nghe kém</li>\n<li>Nghẹt mũi</li>\n<li>Nghẹt mũi kéo dài</li>\n<li>Ngủ ngáy</li>\n<li>Ngứa cổ họng</li>\n<li>Ngứa rát họng</li>\n<li>Ngứa vòm miệng</li>\n<li>Nhiễm trùng xoang</li>\n<li>Nuốt vướng ở cổ</li>\n<li>Polip xoang mũi</li>\n<li>Rõ lỗ nhĩ</li>\n<li>Tăc nghẽn mũi</li>\n<li>Tai chảy máu</li>\n<li>Tai chảy mủ</li>\n<li>Thủng màng nhĩ</li>\n<li>U nang sụn phải</li>\n<li>Ù tai</li>\n<li>U xơ dây thanh quản</li>\n<li>Viêm đã xoang</li>\n<li>Viêm họng</li>\n<li>Viêm họng hạt</li>\n<li>Viêm họng mãn tính</li>\n<li>Viêm Họng</li>\n<li>Viêm tai giữa</li>\n<li>Viêm tai thanh dịch</li>\n<li>Viêm thanh quản</li>\n<li>Viêm xoang cấp</li>\n<li>Xơ dây thanh quản</li>\n</ul>\n<p>Ngoài những vấn đề nêu trên, bệnh nhân có thể liên hệ với chúng tôi để được hỗ trợ, sắp xếp lịch khám phù hợp.</p>', -1, 1, -1, 3, NULL, '2020-03-23 15:35:28', '2020-03-23 15:37:09', NULL, NULL),
(19, 'Giới thiệu chuyên khoa Thần Kinh', '**Bác sĩ Thần kinh giỏi**\n\nHệ thống đặt lịch khám trực tuyến BookingCare giới thiệu danh sách các giáo sư, bác sĩ chuyên khoa Thần kinh giỏi tại Hà Nội.\n\nCác giáo sư, bác sĩ uy tín đầu ngành chuyên khoa Thần kinh đã và đang công tác tại các bệnh viện lớn như: Bệnh viện Bạch Mai, Bệnh viện Việt Đức, Bệnh viện 108, Bệnh viện Đại học Y Hà Nội, Bệnh viện 103.\n\nLà thành viên hoặc lãnh đạo các tổ chức chuyên môn như: Hội Thần kinh Việt Nam, Hội Phẫu thuật Thần kinh...  \n\nĐược nhà nước công nhận các danh hiệu Thầy thuốc nhân dân, thầy thuốc ưu tú, bác sĩ cao cấp.\n\n**Khám bệnh chuyên khoa Thần kinh**\n\n-   Bại Não\n-   Đau đầu\n-   Ảo tưởng\n-   Bất tỉnh\n-   Bệnh Pakison\n-   Bệnh tiền đình\n-   Bị chấn thương đầu\n-   Chóng mặt\n-   Buồn nôn\n-   Bị co cơ, căng dây thần kinh\n-   Bị co giật giây thần kinh\n-   Bị dị dạng mạch máu não\n-   Bị động kinh\n-   Bị tê bì nửa mặt\n-   Bị tê bì nửa mặt, giảm thị lực\n-   Biểu hiện giật cổ không kiểm soát\n-   Bồn chồn, lo lắng, hồi hộp\n-   Buồn ngủ\n-   Buốt sau gáy\n-   Các đầu ngón tay mất cảm giác\n-   Cảm giác kim châm\n-   Cảm thấy sợ hãi\n-   Căng dây thần kinh\n-   Căng thẳng mãn tính\n-   Chân mất cảm giác\n-   Chân tay run\n-   Chèn dây thần kinh\n-   Choáng váng\n-   Choáng, chóng mặt, rối loạn tiền đình\n-   Chóng mặt kéo dài\n-   Chóng mặt, điện não đồ có cột sóng nhọn bất thường\n-   Chóng mặt, mất thăng bằng\n-   Có biểu hiện hoang tưởng\n-   Có biểu hiện rối loạn thần kinh\n-   Có cơn co giật\n-   Có dấu hiệu tăng động\n-   Có dấu hiệu tự kỉ\n-   Có đường lõm tạo thành rãnh ở đầu\n-   Co giật\n-   Co giật mí mắt\n-   Có những cơn vãng ý thức\n-   Co rút chân tay, vã mồ hôi, đau đầu\n-   Co rút cổ, đau đầu với mặt\n-   Co rút tay và chân\n-   Có vấn đề về thần kinh\n-   Dập não\n-   Đau buốt đầu\n-   Đau đầu\n-   Đau đầu dữ dội\n-   Đau đầu kéo dài\n-   Đau đầu kéo dài, đau nửa đầu\n-   Đau đầu kéo dài, ngủ chập chờn\n-   Đau đầu nhiều năm\n-   Đau đầu và cổ\n-   Đau đầu, chóng mặt, buồn nôn\n-   Đau đầu, chóng mặt, mất ngủ\n-   Đau đầu, có tiếng kêu ong ong\n-   Đau đầu, đau bả vai\n-   Đau đau, đau ngoài tai\n-   Đau đầu, đau nhức vùng mắt\n-   Đau đầu, giảm trí nhớ\n-   Đau đàu, hoa mắt, chóng mặt\n-   Đau đầu, mắt giật nheo\n-   Đau đầu, mất ngủ\n-   Đau đầu, mất ngủ, khó đi vào giấc ngủ\n-   Đau dầu, mệt mỏi\n-   Đau đầu, ngủ hay mơ\n-   Đau đầu, nói chậm, giảm trí nhớ\n-   Đau đầu, phù mặt\n-   Đau đầu, rối loạn thần kinh não\n-   Đau đầu, rối loạn thần kinh thực vật\n-   Đau dây thần kinh liên sườn\n-   Đau đầu kéo dài, khó ngủ\n-   Đau nhức đầu\n-   Đau nửa đầu\n-   Đau nửa đầu bên trái\n-   Đau nửa đầu gáy phải, ù tai phải\n-   Đau nửa đầu kinh niên\n-   Đau nửa đầu liên tục\n-   Đau nửa đầu phải về đêm\n-   Đau nửa đầu thường xuyên\n-   Đau nửa đầu, tê bì nửa tay trái\n-   Đau rát dưới da\n-   Đau rát dưới da từ vai, cánh tay\n-   Đau thái dương\n-   Đau tức bàn chân\n-   Đau tức bàn chân, tay\n-   Đau tức bàn tay\n-   Dễ bị kích động\n-   Dễ bị kích động, trầm cảm\n-   Dị dạng mạch máu não\n-   Động kinh\n-   Động kinh nhẹ\n-   Động kinh, dập não\n-   Đột ngột đau đầu\n-   Giảm trí nhớ\n-   Hay quên, kém trí nhớ\n-   Hay quên, suy nghĩ nhiều\n-   Hoa mắt chóng mặt\n-   Hội chứng tiền đình\n-   Kém nhận biết\n-   Kém trí nhớ, mất tập trung\n-   Khám động kinh\n-   Khám thần kinh\n-   Khó ngủ\n-   Khó ngủ vào ban đêm\n-   Khó ngủ, run chân tay\n-   Khó thở, mệt mỏi, huyết áp không ổn định\n-   Kiểm tra hệ thần kinh\n-   Liệt dây thần kinh ngoại biên\n-   Liệt dây thần kinh số\n-   Lo âu, hồi hộp, sợ sệt\n-   Lo âu, lo lắng, mất ngủ, kém ngủ\n-   Lo lắng, bồn chồn, tê bì tay chân\n-   Lo lắng, sợ hãi đám đông\n-   Lo lắng, suy nghĩ nhiều\n-   Loạn nhịp tim\n-   Mấ ngủ kéo dài, mệt mỏi\n-   Mắc bệnh lẫn\n-   Mất ngủ\n-   Mất ngủ dài ngày, kéo dài 6 tháng\n\nNgoài những vấn đề nêu trên, bệnh nhân có thể liên hệ với chúng tôi để được hỗ trợ, sắp xếp lịch khám phù hợp.', '<p><strong>Bác sĩ Thần kinh giỏi</strong></p>\n<p>Hệ thống đặt lịch khám trực tuyến BookingCare giới thiệu danh sách các giáo sư, bác sĩ chuyên khoa Thần kinh giỏi tại Hà Nội.</p>\n<p>Các giáo sư, bác sĩ uy tín đầu ngành chuyên khoa Thần kinh đã và đang công tác tại các bệnh viện lớn như: Bệnh viện Bạch Mai, Bệnh viện Việt Đức, Bệnh viện 108, Bệnh viện Đại học Y Hà Nội, Bệnh viện 103.</p>\n<p>Là thành viên hoặc lãnh đạo các tổ chức chuyên môn như: Hội Thần kinh Việt Nam, Hội Phẫu thuật Thần kinh…  </p>\n<p>Được nhà nước công nhận các danh hiệu Thầy thuốc nhân dân, thầy thuốc ưu tú, bác sĩ cao cấp.</p>\n<p><strong>Khám bệnh chuyên khoa Thần kinh</strong></p>\n<ul>\n<li>Bại Não</li>\n<li>Đau đầu</li>\n<li>Ảo tưởng</li>\n<li>Bất tỉnh</li>\n<li>Bệnh Pakison</li>\n<li>Bệnh tiền đình</li>\n<li>Bị chấn thương đầu</li>\n<li>Chóng mặt</li>\n<li>Buồn nôn</li>\n<li>Bị co cơ, căng dây thần kinh</li>\n<li>Bị co giật giây thần kinh</li>\n<li>Bị dị dạng mạch máu não</li>\n<li>Bị động kinh</li>\n<li>Bị tê bì nửa mặt</li>\n<li>Bị tê bì nửa mặt, giảm thị lực</li>\n<li>Biểu hiện giật cổ không kiểm soát</li>\n<li>Bồn chồn, lo lắng, hồi hộp</li>\n<li>Buồn ngủ</li>\n<li>Buốt sau gáy</li>\n<li>Các đầu ngón tay mất cảm giác</li>\n<li>Cảm giác kim châm</li>\n<li>Cảm thấy sợ hãi</li>\n<li>Căng dây thần kinh</li>\n<li>Căng thẳng mãn tính</li>\n<li>Chân mất cảm giác</li>\n<li>Chân tay run</li>\n<li>Chèn dây thần kinh</li>\n<li>Choáng váng</li>\n<li>Choáng, chóng mặt, rối loạn tiền đình</li>\n<li>Chóng mặt kéo dài</li>\n<li>Chóng mặt, điện não đồ có cột sóng nhọn bất thường</li>\n<li>Chóng mặt, mất thăng bằng</li>\n<li>Có biểu hiện hoang tưởng</li>\n<li>Có biểu hiện rối loạn thần kinh</li>\n<li>Có cơn co giật</li>\n<li>Có dấu hiệu tăng động</li>\n<li>Có dấu hiệu tự kỉ</li>\n<li>Có đường lõm tạo thành rãnh ở đầu</li>\n<li>Co giật</li>\n<li>Co giật mí mắt</li>\n<li>Có những cơn vãng ý thức</li>\n<li>Co rút chân tay, vã mồ hôi, đau đầu</li>\n<li>Co rút cổ, đau đầu với mặt</li>\n<li>Co rút tay và chân</li>\n<li>Có vấn đề về thần kinh</li>\n<li>Dập não</li>\n<li>Đau buốt đầu</li>\n<li>Đau đầu</li>\n<li>Đau đầu dữ dội</li>\n<li>Đau đầu kéo dài</li>\n<li>Đau đầu kéo dài, đau nửa đầu</li>\n<li>Đau đầu kéo dài, ngủ chập chờn</li>\n<li>Đau đầu nhiều năm</li>\n<li>Đau đầu và cổ</li>\n<li>Đau đầu, chóng mặt, buồn nôn</li>\n<li>Đau đầu, chóng mặt, mất ngủ</li>\n<li>Đau đầu, có tiếng kêu ong ong</li>\n<li>Đau đầu, đau bả vai</li>\n<li>Đau đau, đau ngoài tai</li>\n<li>Đau đầu, đau nhức vùng mắt</li>\n<li>Đau đầu, giảm trí nhớ</li>\n<li>Đau đàu, hoa mắt, chóng mặt</li>\n<li>Đau đầu, mắt giật nheo</li>\n<li>Đau đầu, mất ngủ</li>\n<li>Đau đầu, mất ngủ, khó đi vào giấc ngủ</li>\n<li>Đau dầu, mệt mỏi</li>\n<li>Đau đầu, ngủ hay mơ</li>\n<li>Đau đầu, nói chậm, giảm trí nhớ</li>\n<li>Đau đầu, phù mặt</li>\n<li>Đau đầu, rối loạn thần kinh não</li>\n<li>Đau đầu, rối loạn thần kinh thực vật</li>\n<li>Đau dây thần kinh liên sườn</li>\n<li>Đau đầu kéo dài, khó ngủ</li>\n<li>Đau nhức đầu</li>\n<li>Đau nửa đầu</li>\n<li>Đau nửa đầu bên trái</li>\n<li>Đau nửa đầu gáy phải, ù tai phải</li>\n<li>Đau nửa đầu kinh niên</li>\n<li>Đau nửa đầu liên tục</li>\n<li>Đau nửa đầu phải về đêm</li>\n<li>Đau nửa đầu thường xuyên</li>\n<li>Đau nửa đầu, tê bì nửa tay trái</li>\n<li>Đau rát dưới da</li>\n<li>Đau rát dưới da từ vai, cánh tay</li>\n<li>Đau thái dương</li>\n<li>Đau tức bàn chân</li>\n<li>Đau tức bàn chân, tay</li>\n<li>Đau tức bàn tay</li>\n<li>Dễ bị kích động</li>\n<li>Dễ bị kích động, trầm cảm</li>\n<li>Dị dạng mạch máu não</li>\n<li>Động kinh</li>\n<li>Động kinh nhẹ</li>\n<li>Động kinh, dập não</li>\n<li>Đột ngột đau đầu</li>\n<li>Giảm trí nhớ</li>\n<li>Hay quên, kém trí nhớ</li>\n<li>Hay quên, suy nghĩ nhiều</li>\n<li>Hoa mắt chóng mặt</li>\n<li>Hội chứng tiền đình</li>\n<li>Kém nhận biết</li>\n<li>Kém trí nhớ, mất tập trung</li>\n<li>Khám động kinh</li>\n<li>Khám thần kinh</li>\n<li>Khó ngủ</li>\n<li>Khó ngủ vào ban đêm</li>\n<li>Khó ngủ, run chân tay</li>\n<li>Khó thở, mệt mỏi, huyết áp không ổn định</li>\n<li>Kiểm tra hệ thần kinh</li>\n<li>Liệt dây thần kinh ngoại biên</li>\n<li>Liệt dây thần kinh số</li>\n<li>Lo âu, hồi hộp, sợ sệt</li>\n<li>Lo âu, lo lắng, mất ngủ, kém ngủ</li>\n<li>Lo lắng, bồn chồn, tê bì tay chân</li>\n<li>Lo lắng, sợ hãi đám đông</li>\n<li>Lo lắng, suy nghĩ nhiều</li>\n<li>Loạn nhịp tim</li>\n<li>Mấ ngủ kéo dài, mệt mỏi</li>\n<li>Mắc bệnh lẫn</li>\n<li>Mất ngủ</li>\n<li>Mất ngủ dài ngày, kéo dài 6 tháng</li>\n</ul>\n<p>Ngoài những vấn đề nêu trên, bệnh nhân có thể liên hệ với chúng tôi để được hỗ trợ, sắp xếp lịch khám phù hợp.</p>', -1, 2, -1, 3, NULL, '2020-03-23 15:39:12', '2020-03-23 15:39:28', NULL, NULL);
INSERT INTO `posts` (`id`, `title`, `contentMarkdown`, `contentHTML`, `forDoctorId`, `forSpecializationId`, `forClinicId`, `writerId`, `confirmByDoctor`, `createdAt`, `updatedAt`, `deletedAt`, `image`) VALUES
(20, 'Giới thiệu chuyên khoa Tiêu Hóa', '\n**Bác sĩ Chuyên khoa Tiêu hóa**\n\nHệ thống BookingCare cung cấp thông tin và lịch khám của các bác sĩ uy tín đầu ngành tại Việt Nam.\n\nCác chuyên gia có quá trình đào tạo bài bản, kinh nghiệm công tác tại các bệnh viện lớn về chuyên ngành Tiêu hóa tại Hà Nội\n\nCác giáo sư, phó giáo sư là giảng viên Đại học Y khoa Hà Nội\n\nCác bác sĩ đã, đang công tác tại các bệnh viện hàng đầu như Bệnh viện Bạch Mai, Bệnh Viện Việt Đức, Bệnh Viện Nhi Trung ương, Bệnh viện Y học Cổ truyền Việt Nam...\n\nĐược nhà nước công nhận các danh hiệu Thầy thuốc nhân dân, thầy thuốc ưu tú, bác sĩ cao cấp,...\n\n**Tư vấn, khám và điều trị các Bệnh Tiêu hóa**\n\nBệnh nhân nên đặt khám với các bác sĩ nếu gặp các triệu chứng bên dưới đây, hoặc các vấn đề liên quan tới tiêu hóa.\n\n-   Ăn uống kém, không ngon\n-   Bệnh gan nhiễm mỡ\n-   Bệnh trĩ, trĩ cháy máu\n-   Bệnh về gan\n-   Buồn nôn, phân có dịch nhầy\n-   Chất nhầy trong phân\n-   Chướng bụng\n-   Co thắt thực quản\n-   Đã bị xuất huyết dạ dày\n-   Đau bụng\n-   Đau bụng âm ỉ\n-   Đau dạ dày\n-   Đau đại tràng\n-   Đau thượng vị\n-   Đầy bụng ợ chua\n-   Đầy bụng ợ hơi\n-   Đầy hơi\n-   Đi ngoài phân sống\n-   Đi ngoài ra máu tươi\n-   Gan to\n-   Hội chứng ruột kích thích\n-   K đại tràng\n-   Khó nuốt thức ăn\n-   Khó tiêu\n-   Mất cảm giác ngon miệng\n-   Men gan cao\n-   Ngứa hậu môn\n-   Nhiễm vi khuẩn HP (Helicobacter pylori)\n-   Nội soi dạ dày\n-   Nội soi đại tràng\n-   Nội soi đại tràng có loét\n-   Nội soi tiêu hóa\n-   Nôn mửa\n-   ợ chua\n-   Ợ nóng\n-   Phân có máu\n-   Phân đen\n-   Rối loạn tiêu hóa\n-   Táo bón\n-   Tiêu chảy, ỉa phân lỏng\n-   Tràn dịch dạ dày, ợ hơi\n-   Trào ngược axit dạ dày\n-   Trào ngược dạ dày thực quản\n-   Trĩ ngoại\n-   Trĩ nội\n-   U nang tuyến tụy\n-   Ung thư dạ dày\n-   Ung thư gan\n-   Viêm dạ dày\n-   Viêm đại tràng\n-   Viêm đại tràng, dạ dày\n-   Viêm loét dạ dày tá tràng\n-   Viêm loét tá tràng\n-   Viêm ruột thừa\n-   Viêm túi mật\n-   Viêm xơ gan do rượu\n-   Xơ gan mật.\n\nNgoài những vấn đề nêu trên, bệnh nhân có thể liên hệ với chúng tôi để được hỗ trợ, sắp xếp lịch khám phù hợp.', '<p><strong>Bác sĩ Chuyên khoa Tiêu hóa</strong></p>\n<p>Hệ thống BookingCare cung cấp thông tin và lịch khám của các bác sĩ uy tín đầu ngành tại Việt Nam.</p>\n<p>Các chuyên gia có quá trình đào tạo bài bản, kinh nghiệm công tác tại các bệnh viện lớn về chuyên ngành Tiêu hóa tại Hà Nội</p>\n<p>Các giáo sư, phó giáo sư là giảng viên Đại học Y khoa Hà Nội</p>\n<p>Các bác sĩ đã, đang công tác tại các bệnh viện hàng đầu như Bệnh viện Bạch Mai, Bệnh Viện Việt Đức, Bệnh Viện Nhi Trung ương, Bệnh viện Y học Cổ truyền Việt Nam…</p>\n<p>Được nhà nước công nhận các danh hiệu Thầy thuốc nhân dân, thầy thuốc ưu tú, bác sĩ cao cấp,…</p>\n<p><strong>Tư vấn, khám và điều trị các Bệnh Tiêu hóa</strong></p>\n<p>Bệnh nhân nên đặt khám với các bác sĩ nếu gặp các triệu chứng bên dưới đây, hoặc các vấn đề liên quan tới tiêu hóa.</p>\n<ul>\n<li>Ăn uống kém, không ngon</li>\n<li>Bệnh gan nhiễm mỡ</li>\n<li>Bệnh trĩ, trĩ cháy máu</li>\n<li>Bệnh về gan</li>\n<li>Buồn nôn, phân có dịch nhầy</li>\n<li>Chất nhầy trong phân</li>\n<li>Chướng bụng</li>\n<li>Co thắt thực quản</li>\n<li>Đã bị xuất huyết dạ dày</li>\n<li>Đau bụng</li>\n<li>Đau bụng âm ỉ</li>\n<li>Đau dạ dày</li>\n<li>Đau đại tràng</li>\n<li>Đau thượng vị</li>\n<li>Đầy bụng ợ chua</li>\n<li>Đầy bụng ợ hơi</li>\n<li>Đầy hơi</li>\n<li>Đi ngoài phân sống</li>\n<li>Đi ngoài ra máu tươi</li>\n<li>Gan to</li>\n<li>Hội chứng ruột kích thích</li>\n<li>K đại tràng</li>\n<li>Khó nuốt thức ăn</li>\n<li>Khó tiêu</li>\n<li>Mất cảm giác ngon miệng</li>\n<li>Men gan cao</li>\n<li>Ngứa hậu môn</li>\n<li>Nhiễm vi khuẩn HP (Helicobacter pylori)</li>\n<li>Nội soi dạ dày</li>\n<li>Nội soi đại tràng</li>\n<li>Nội soi đại tràng có loét</li>\n<li>Nội soi tiêu hóa</li>\n<li>Nôn mửa</li>\n<li>ợ chua</li>\n<li>Ợ nóng</li>\n<li>Phân có máu</li>\n<li>Phân đen</li>\n<li>Rối loạn tiêu hóa</li>\n<li>Táo bón</li>\n<li>Tiêu chảy, ỉa phân lỏng</li>\n<li>Tràn dịch dạ dày, ợ hơi</li>\n<li>Trào ngược axit dạ dày</li>\n<li>Trào ngược dạ dày thực quản</li>\n<li>Trĩ ngoại</li>\n<li>Trĩ nội</li>\n<li>U nang tuyến tụy</li>\n<li>Ung thư dạ dày</li>\n<li>Ung thư gan</li>\n<li>Viêm dạ dày</li>\n<li>Viêm đại tràng</li>\n<li>Viêm đại tràng, dạ dày</li>\n<li>Viêm loét dạ dày tá tràng</li>\n<li>Viêm loét tá tràng</li>\n<li>Viêm ruột thừa</li>\n<li>Viêm túi mật</li>\n<li>Viêm xơ gan do rượu</li>\n<li>Xơ gan mật.</li>\n</ul>\n<p>Ngoài những vấn đề nêu trên, bệnh nhân có thể liên hệ với chúng tôi để được hỗ trợ, sắp xếp lịch khám phù hợp.</p>', -1, 3, -1, 3, NULL, '2020-03-23 15:41:06', '2020-03-23 15:41:06', NULL, NULL),
(21, 'Giới thiệu chuyên khoa Tim Mạch', '\n**Bác sĩ tim mạch giỏi**\n\nHệ thống BookingCare cung cấp thông tin và lịch khám của các bác sĩ tim mạch uy tín đầu ngành tại Việt Nam.\n\nCác chuyên gia được đào tạo bài bản về chuyên ngành Tim mạch tại các trường đại học trong nước và quốc tế.\n\nCác nhà chuyên môn nghiên cứu và điều trị theo các phương pháp nội khoa - ngoại khoa - can thiệp tim mạch\n\nPhục vụ cho tất cả các đối tượng bệnh nhân như người lớn, trẻ em (tim mạch nhi)\n\nCác giáo sư, phó giáo sư nghiên cứu và giảng dạy tại Đại học Y Hà Nội\n\nCác bác sĩ đã, đang công tác tại các bệnh viện hàng đầu như Viện Tim Mạch Quốc Gia, Bệnh viện Bạch Mai, Bệnh viện Việt Đức, Bệnh Viện E, Bệnh Viện Tim Hà Nội\n\nLà thành viên hoặc lãnh đạo các tổ chức chuyên môn như: Hiệp hội Tim Mạch Việt Nam\n\nĐạt danh hiệu Thầy thuốc nhân dân, thầy thuốc ưu tú, bác sĩ cao cấp,...\n\n**Khám tư vấn tim mạch**\n\n-   Đau ngực trái, bệnh mạch vành\n-   Tăng huyết áp, hạ huyết áp\n-   Rối loạn mỡ máu\n-   Bệnh van tim (Hẹp hở van tim)\n-   Bệnh cơ tim.\n-   Ngoại tâm thu\n-   Cảm giác hồi hộp\n-   Cảm thấy tim đập nhanh\n-   Cao huyết áp\n-   Chóng mặt\n-   Có tiền sử bệnh tim to\n-   Có tiền sử tai biến\n-   Đã đặt stent tim\n-   Đã nong động mạch vành\n-   Đánh trống ngực\n-   Đau âm ỉ ở ngực\n-   Đau ngực\n-   Đau ngực trái\n-   Đau nhói bên trái\n-   Đau nhói ở tim khi vận động mạnh\n-   Đau thắt ngực\n-   Đau thắt ngực trái\n-   Đau tim\n-   Đau tức ngực trái\n-   Đau, tê, yếu chân hoặc cánh tay\n-   Giãn tĩnh mạch chân\n-   Hẹp 50% nhánh\n-   Hẹp động mạch chủ\n-   Hở van hai lá nhẹ\n-   Hở van tim 3 lá\n-   Hở van tim nhẹ\n-   Hoa mắt\n-   Huyết áp cao\n-   Huyết áp không ổn định\n-   Huyết áp thấp\n-   Khám tim hẹp hở van hai lá\n-   Khó thở\n-   Khó thở khi ăn dẫn đến giảm cân\n-   Khó thở khi gắng sức\n-   Khó thở khi nghỉ ngơi\n-   Khó thở liên tục\n-   Khó thở từng cơn\n-   Lo lắng\n-   Loạn nhịp tim\n-   Mêt mỏi\n-   Mệt mỏi\n-   Mệt mỏi khi gắng sức\n-   Ngất xỉu\n-   Ngoại tâm thu thất thưa\n-   Nhịp tim bất thường\n-   Nhịp tim chậm\n-   Nhịp tim nhanh\n-   Nhồi máu cơ tim\n-   Phù tay trái\n-   Rối loạn tâm thu\n-   Suy nhược cơ thể\n-   Suy Tim\n-   Tắc tĩnh mạch\n-   Thay đổi nhịp tim\n-   Thiếu máu cục bộ\n-   Thỉnh thoảng bị thót tim\n-   Tiểu đường\n-   Tim bẩm sinh\n-   Tim đập nhanh\n-   Tim thai có nốt vôi hóa dây chằng van 2 lá\n-   Tim to\n-   Vôi hóa cuống tim\n-   Vôi hóa động mạch\n\nNgoài những vấn đề nêu trên, bệnh nhân có thể liên hệ với chúng tôi để được hỗ trợ, sắp xếp lịch khám phù hợp.', '<p><strong>Bác sĩ tim mạch giỏi</strong></p>\n<p>Hệ thống BookingCare cung cấp thông tin và lịch khám của các bác sĩ tim mạch uy tín đầu ngành tại Việt Nam.</p>\n<p>Các chuyên gia được đào tạo bài bản về chuyên ngành Tim mạch tại các trường đại học trong nước và quốc tế.</p>\n<p>Các nhà chuyên môn nghiên cứu và điều trị theo các phương pháp nội khoa - ngoại khoa - can thiệp tim mạch</p>\n<p>Phục vụ cho tất cả các đối tượng bệnh nhân như người lớn, trẻ em (tim mạch nhi)</p>\n<p>Các giáo sư, phó giáo sư nghiên cứu và giảng dạy tại Đại học Y Hà Nội</p>\n<p>Các bác sĩ đã, đang công tác tại các bệnh viện hàng đầu như Viện Tim Mạch Quốc Gia, Bệnh viện Bạch Mai, Bệnh viện Việt Đức, Bệnh Viện E, Bệnh Viện Tim Hà Nội</p>\n<p>Là thành viên hoặc lãnh đạo các tổ chức chuyên môn như: Hiệp hội Tim Mạch Việt Nam</p>\n<p>Đạt danh hiệu Thầy thuốc nhân dân, thầy thuốc ưu tú, bác sĩ cao cấp,…</p>\n<p><strong>Khám tư vấn tim mạch</strong></p>\n<ul>\n<li>Đau ngực trái, bệnh mạch vành</li>\n<li>Tăng huyết áp, hạ huyết áp</li>\n<li>Rối loạn mỡ máu</li>\n<li>Bệnh van tim (Hẹp hở van tim)</li>\n<li>Bệnh cơ tim.</li>\n<li>Ngoại tâm thu</li>\n<li>Cảm giác hồi hộp</li>\n<li>Cảm thấy tim đập nhanh</li>\n<li>Cao huyết áp</li>\n<li>Chóng mặt</li>\n<li>Có tiền sử bệnh tim to</li>\n<li>Có tiền sử tai biến</li>\n<li>Đã đặt stent tim</li>\n<li>Đã nong động mạch vành</li>\n<li>Đánh trống ngực</li>\n<li>Đau âm ỉ ở ngực</li>\n<li>Đau ngực</li>\n<li>Đau ngực trái</li>\n<li>Đau nhói bên trái</li>\n<li>Đau nhói ở tim khi vận động mạnh</li>\n<li>Đau thắt ngực</li>\n<li>Đau thắt ngực trái</li>\n<li>Đau tim</li>\n<li>Đau tức ngực trái</li>\n<li>Đau, tê, yếu chân hoặc cánh tay</li>\n<li>Giãn tĩnh mạch chân</li>\n<li>Hẹp 50% nhánh</li>\n<li>Hẹp động mạch chủ</li>\n<li>Hở van hai lá nhẹ</li>\n<li>Hở van tim 3 lá</li>\n<li>Hở van tim nhẹ</li>\n<li>Hoa mắt</li>\n<li>Huyết áp cao</li>\n<li>Huyết áp không ổn định</li>\n<li>Huyết áp thấp</li>\n<li>Khám tim hẹp hở van hai lá</li>\n<li>Khó thở</li>\n<li>Khó thở khi ăn dẫn đến giảm cân</li>\n<li>Khó thở khi gắng sức</li>\n<li>Khó thở khi nghỉ ngơi</li>\n<li>Khó thở liên tục</li>\n<li>Khó thở từng cơn</li>\n<li>Lo lắng</li>\n<li>Loạn nhịp tim</li>\n<li>Mêt mỏi</li>\n<li>Mệt mỏi</li>\n<li>Mệt mỏi khi gắng sức</li>\n<li>Ngất xỉu</li>\n<li>Ngoại tâm thu thất thưa</li>\n<li>Nhịp tim bất thường</li>\n<li>Nhịp tim chậm</li>\n<li>Nhịp tim nhanh</li>\n<li>Nhồi máu cơ tim</li>\n<li>Phù tay trái</li>\n<li>Rối loạn tâm thu</li>\n<li>Suy nhược cơ thể</li>\n<li>Suy Tim</li>\n<li>Tắc tĩnh mạch</li>\n<li>Thay đổi nhịp tim</li>\n<li>Thiếu máu cục bộ</li>\n<li>Thỉnh thoảng bị thót tim</li>\n<li>Tiểu đường</li>\n<li>Tim bẩm sinh</li>\n<li>Tim đập nhanh</li>\n<li>Tim thai có nốt vôi hóa dây chằng van 2 lá</li>\n<li>Tim to</li>\n<li>Vôi hóa cuống tim</li>\n<li>Vôi hóa động mạch</li>\n</ul>\n<p>Ngoài những vấn đề nêu trên, bệnh nhân có thể liên hệ với chúng tôi để được hỗ trợ, sắp xếp lịch khám phù hợp.</p>', -1, 4, -1, 3, NULL, '2020-03-23 15:41:57', '2020-03-23 15:41:57', NULL, NULL),
(22, 'Giới thiệu chuyên khoa Cơ Xương Khớp', '\n**Bác sĩ Cơ Xương Khớp giỏi**\n\nHệ thống BookingCare cung cấp thông tin và lịch khám của các bác sĩ uy tín đầu ngành tại Việt Nam.\n\nCác chuyên gia có quá trình đào tạo bài bản, kinh nghiệm công tác tại các bệnh viện lớn về chuyên ngành Cơ Xương Khớp tại Hà Nội\n\nCác giáo sư, phó giáo sư đang trực tiếp nghiên cứu và giảng dạy tại Đại học Y khoa Hà Nội\n\nCác bác sĩ đã, đang công tác tại các bệnh viện hàng đầu Khoa Cơ Xương Khớp - Bệnh viện Bạch Mai, Khoa khám Xương Khớp - Bệnh Viện Việt Đức, Khoa Cơ Xương Khớp - Bệnh Viện E.\n\nLà thành viên hoặc lãnh đạo các tổ chức chuyên môn như: Hiệp hội Cơ Xương Khớp, Hội Thấp khớp học,...\n\nĐược nhà nước công nhận các danh hiệu Thầy thuốc nhân dân, thầy thuốc ưu tú, bác sĩ cao cấp,...\n\n**Bệnh Cơ Xương Khớp**\n\n-   Bệnh về Khớp\n-   Gout, Viêm cột sống dính khớp, thoái hóa khớp, viêm khoanh khớp vai\n-   Bệnh về xương\n-   Loãng xương, đau nhức xương\n-   Viêm xương, gai xương, vôi hóa cột sống\n-   Chấn thương thể thao  \n    \n-   Bệnh về Cơ\n-   Chứng đau mỏi cơ\n-   Yếu cơ, Loạn dưỡng cơ\n-   Viêm cơ, Teo cơ\n-   Thoái hóa khớp: khớp gối, cột sống thắt lưng, cột sống cổ\n-   Loãng xương\n-   Đau vai gáy, Đau thắt lưng, Đau gối, Đau háng, Đau cột sống cổ, Đau hông\n-   Đau cổ chân, Đau khủy tay, Đau bàn tay, cổ tay, Đau các ngón tay\n-   Đau khớp thái dương hàm\n-   Đau lưng, Đau vai, Đau các ngón chân, Đau cổ chân, bàn chân\n-   Đau thần kinh tọa\n-   Thoát vị đĩa đệm cột sống cổ, cột sống thắt lưng  \n    \n-   Đau cánh tay\n-   Hội chứng vai tay, Hội chứng cổ vai cánh tay\n-   Đau thần kinh liên sườn, Đau ngực, Đau sụn ức sườn,Viêm sụn ức sườn, Đau bả vai\n-   Bệnh Gout\n-   Viêm khớp dạng thấp, Viêm đa khớp, Viêm gân\n-   Đau nhiều khớp\n-   Hoại tử vô khuẩn chỏm xương đùi, Hoại tử vô mạch\n-   Đau xương bánh chè\n-   Luput ban đỏ hệ thống, Lulus ban đỏ hệ thống\n-   Xơ cứng bì toàn thân  \n    \n-   Viêm đa cơ, Viêm da cơ, tổn thương da\n-   Viêm khớp vùng chậu  \n    \n-   Viêm khớp thiếu niên (đi khập khiễng)  \n    \n-   Viêm khớp nhiễm khuẩn  \n    \n-   Viêm màng hoạt dịch (khớp gối, háng, cổ chân, khớp khủy)  \n    \n-   Viêm cột sống dính khớp  \n    \n-   Loạn dưỡng cơ tiến triển  \n    \n-   Hội chứng De Quervain (viêm điểm bán gân vùng trâm quay, khủy tay người chơi Tennis, khủy tay người chơi Golf)  \n    \n-   Hội chứng tiền đình (kẹt cột sống cổ)  \n    \n-   Teo cơ chân, tay  \n    \n-   Hội chứng Sudeck (Hội chứng đau loạn dưỡng do phản xạ)  \n    \n-   Hội chứng Reiter  \n    \n-   Hội chứng Raynaul  \n    \n-   Viêm khớp mạn tính  \n    \n-   Đau thắt lưng mạn tính  \n    \n-   Hội chứng thớp khớp cận ưng thư  \n    \n-   Hồng ban nút, Viêm khớp vảy nến, Viêm khớp phản ứng  \n    \n-   Biến dạng khớp bàn tay, bàn chân, khớp gối, đi lạch bạch, yếu cơ, đau mỏi cơ  \n    \n-   Sưng khớp, nóng khớp, đỏ khớp, đau khớp  \n    \n-   Đau thần kinh, đau đầu  \n    \n-   Hạt Tophi  \n    \n-   Dị dạng khớp, dị dạng xương  \n    \n-   Teo cơ Delta  \n    \n-   Viêm gân gót, Viên gân Asin, Viêm gân gan chân  \n    \n-   Gai xương gót, Gai cột sống  \n    \n-   Vôi hóa cột sống  \n    \n-   Đau xương đòn, Đau xương sườn, Đau ngực\n-   Viêm lồi cầu ngoài xương cánh tay\n-   Viêm lồi cầu trong xương cánh tay  \n    \n-   Viêm mỏm trâm trụ (châm trụ)  \n    \n-   Viêm mỏm châm quay (châm quay)  \n    \n-   Biến dạng  \n    \n-   Sưng đau khớp cổ tay  \n    \n-   Sưng đau khớp bàn ngón tay  \n    \n-   Teo cơ mô cái  \n    \n-   Hội chứng ống cổ tay  \n    \n-   Hội chứng đường hầm cổ tay  \n    \n-   Đau dây thần kinh giữa  \n    \n-   Đau xương cụt, Đau xương cùng cụt, Đau mấu chuyển lớn  \n    \n-   Teo cơ mông, teo cơ đùi, teo cẳng tay, cánh tay, teo cơ ngực, tràn dịch khớp  \n    \n-   Tràn dịch khớp gối, Tràn dịch khớp háng, Tràn dịch khớp khủy, Tràn dịch khớp vai  \n    \n-   Viêm điểm bám gân lồi cầu trong xương đùi  \n    \n-   Viêm điểm bám gân lồi cầu ngoài xương đùi  \n    \n-   Viêm lồi cửa trước xương chày  \n    \n-   Viêm xương, Viêm cơ  \n    \n-   Bệnh OSGOODS  \n    \n-   Thoái hóa sụn khớp, Rách sụn trên  \n    \n-   Đau xương chày  \n    \n-   Viêm khớp ngón chân cái, Viêm khớp bàn ngón chân cái  \n    \n-   Bệnh hệ thống. Hội chứng Overlap  \n    \n-   Đau thần kinh cánh tay, Đau thần kinh đùi bì  \n    \n-   Viêm gân gấp ngón tay, Viêm gân duỗi  \n    \n-   Chấn thương do thể thao  \n    \n-   Rách dây chứng chéo trước, sau  \n    \n-   Đau khớp vai, đau vai gáy, Lupus ban đỏ, đau thắt lưng, đau xương khớp  \n    \n-   Thoát vị đĩa đệm, viêm khớp.\n\nNgoài những vấn đề nêu trên, bệnh nhân có thể liên hệ với chúng tôi để được hỗ trợ, sắp xếp lịch khám phù hợp.', '<p><strong>Bác sĩ Cơ Xương Khớp giỏi</strong></p>\n<p>Hệ thống BookingCare cung cấp thông tin và lịch khám của các bác sĩ uy tín đầu ngành tại Việt Nam.</p>\n<p>Các chuyên gia có quá trình đào tạo bài bản, kinh nghiệm công tác tại các bệnh viện lớn về chuyên ngành Cơ Xương Khớp tại Hà Nội</p>\n<p>Các giáo sư, phó giáo sư đang trực tiếp nghiên cứu và giảng dạy tại Đại học Y khoa Hà Nội</p>\n<p>Các bác sĩ đã, đang công tác tại các bệnh viện hàng đầu Khoa Cơ Xương Khớp - Bệnh viện Bạch Mai, Khoa khám Xương Khớp - Bệnh Viện Việt Đức, Khoa Cơ Xương Khớp - Bệnh Viện E.</p>\n<p>Là thành viên hoặc lãnh đạo các tổ chức chuyên môn như: Hiệp hội Cơ Xương Khớp, Hội Thấp khớp học,…</p>\n<p>Được nhà nước công nhận các danh hiệu Thầy thuốc nhân dân, thầy thuốc ưu tú, bác sĩ cao cấp,…</p>\n<p><strong>Bệnh Cơ Xương Khớp</strong></p>\n<ul>\n<li><p>Bệnh về Khớp</p></li>\n<li><p>Gout, Viêm cột sống dính khớp, thoái hóa khớp, viêm khoanh khớp vai</p></li>\n<li><p>Bệnh về xương</p></li>\n<li><p>Loãng xương, đau nhức xương</p></li>\n<li><p>Viêm xương, gai xương, vôi hóa cột sống</p></li>\n<li><p>Chấn thương thể thao  </p></li>\n<li><p>Bệnh về Cơ</p></li>\n<li><p>Chứng đau mỏi cơ</p></li>\n<li><p>Yếu cơ, Loạn dưỡng cơ</p></li>\n<li><p>Viêm cơ, Teo cơ</p></li>\n<li><p>Thoái hóa khớp: khớp gối, cột sống thắt lưng, cột sống cổ</p></li>\n<li><p>Loãng xương</p></li>\n<li><p>Đau vai gáy, Đau thắt lưng, Đau gối, Đau háng, Đau cột sống cổ, Đau hông</p></li>\n<li><p>Đau cổ chân, Đau khủy tay, Đau bàn tay, cổ tay, Đau các ngón tay</p></li>\n<li><p>Đau khớp thái dương hàm</p></li>\n<li><p>Đau lưng, Đau vai, Đau các ngón chân, Đau cổ chân, bàn chân</p></li>\n<li><p>Đau thần kinh tọa</p></li>\n<li><p>Thoát vị đĩa đệm cột sống cổ, cột sống thắt lưng  </p></li>\n<li><p>Đau cánh tay</p></li>\n<li><p>Hội chứng vai tay, Hội chứng cổ vai cánh tay</p></li>\n<li><p>Đau thần kinh liên sườn, Đau ngực, Đau sụn ức sườn,Viêm sụn ức sườn, Đau bả vai</p></li>\n<li><p>Bệnh Gout</p></li>\n<li><p>Viêm khớp dạng thấp, Viêm đa khớp, Viêm gân</p></li>\n<li><p>Đau nhiều khớp</p></li>\n<li><p>Hoại tử vô khuẩn chỏm xương đùi, Hoại tử vô mạch</p></li>\n<li><p>Đau xương bánh chè</p></li>\n<li><p>Luput ban đỏ hệ thống, Lulus ban đỏ hệ thống</p></li>\n<li><p>Xơ cứng bì toàn thân  </p></li>\n<li><p>Viêm đa cơ, Viêm da cơ, tổn thương da</p></li>\n<li><p>Viêm khớp vùng chậu  </p></li>\n<li><p>Viêm khớp thiếu niên (đi khập khiễng)  </p></li>\n<li><p>Viêm khớp nhiễm khuẩn  </p></li>\n<li><p>Viêm màng hoạt dịch (khớp gối, háng, cổ chân, khớp khủy)  </p></li>\n<li><p>Viêm cột sống dính khớp  </p></li>\n<li><p>Loạn dưỡng cơ tiến triển  </p></li>\n<li><p>Hội chứng De Quervain (viêm điểm bán gân vùng trâm quay, khủy tay người chơi Tennis, khủy tay người chơi Golf)  </p></li>\n<li><p>Hội chứng tiền đình (kẹt cột sống cổ)  </p></li>\n<li><p>Teo cơ chân, tay  </p></li>\n<li><p>Hội chứng Sudeck (Hội chứng đau loạn dưỡng do phản xạ)  </p></li>\n<li><p>Hội chứng Reiter  </p></li>\n<li><p>Hội chứng Raynaul  </p></li>\n<li><p>Viêm khớp mạn tính  </p></li>\n<li><p>Đau thắt lưng mạn tính  </p></li>\n<li><p>Hội chứng thớp khớp cận ưng thư  </p></li>\n<li><p>Hồng ban nút, Viêm khớp vảy nến, Viêm khớp phản ứng  </p></li>\n<li><p>Biến dạng khớp bàn tay, bàn chân, khớp gối, đi lạch bạch, yếu cơ, đau mỏi cơ  </p></li>\n<li><p>Sưng khớp, nóng khớp, đỏ khớp, đau khớp  </p></li>\n<li><p>Đau thần kinh, đau đầu  </p></li>\n<li><p>Hạt Tophi  </p></li>\n<li><p>Dị dạng khớp, dị dạng xương  </p></li>\n<li><p>Teo cơ Delta  </p></li>\n<li><p>Viêm gân gót, Viên gân Asin, Viêm gân gan chân  </p></li>\n<li><p>Gai xương gót, Gai cột sống  </p></li>\n<li><p>Vôi hóa cột sống  </p></li>\n<li><p>Đau xương đòn, Đau xương sườn, Đau ngực</p></li>\n<li><p>Viêm lồi cầu ngoài xương cánh tay</p></li>\n<li><p>Viêm lồi cầu trong xương cánh tay  </p></li>\n<li><p>Viêm mỏm trâm trụ (châm trụ)  </p></li>\n<li><p>Viêm mỏm châm quay (châm quay)  </p></li>\n<li><p>Biến dạng  </p></li>\n<li><p>Sưng đau khớp cổ tay  </p></li>\n<li><p>Sưng đau khớp bàn ngón tay  </p></li>\n<li><p>Teo cơ mô cái  </p></li>\n<li><p>Hội chứng ống cổ tay  </p></li>\n<li><p>Hội chứng đường hầm cổ tay  </p></li>\n<li><p>Đau dây thần kinh giữa  </p></li>\n<li><p>Đau xương cụt, Đau xương cùng cụt, Đau mấu chuyển lớn  </p></li>\n<li><p>Teo cơ mông, teo cơ đùi, teo cẳng tay, cánh tay, teo cơ ngực, tràn dịch khớp  </p></li>\n<li><p>Tràn dịch khớp gối, Tràn dịch khớp háng, Tràn dịch khớp khủy, Tràn dịch khớp vai  </p></li>\n<li><p>Viêm điểm bám gân lồi cầu trong xương đùi  </p></li>\n<li><p>Viêm điểm bám gân lồi cầu ngoài xương đùi  </p></li>\n<li><p>Viêm lồi cửa trước xương chày  </p></li>\n<li><p>Viêm xương, Viêm cơ  </p></li>\n<li><p>Bệnh OSGOODS  </p></li>\n<li><p>Thoái hóa sụn khớp, Rách sụn trên  </p></li>\n<li><p>Đau xương chày  </p></li>\n<li><p>Viêm khớp ngón chân cái, Viêm khớp bàn ngón chân cái  </p></li>\n<li><p>Bệnh hệ thống. Hội chứng Overlap  </p></li>\n<li><p>Đau thần kinh cánh tay, Đau thần kinh đùi bì  </p></li>\n<li><p>Viêm gân gấp ngón tay, Viêm gân duỗi  </p></li>\n<li><p>Chấn thương do thể thao  </p></li>\n<li><p>Rách dây chứng chéo trước, sau  </p></li>\n<li><p>Đau khớp vai, đau vai gáy, Lupus ban đỏ, đau thắt lưng, đau xương khớp  </p></li>\n<li><p>Thoát vị đĩa đệm, viêm khớp.</p></li>\n</ul>\n<p>Ngoài những vấn đề nêu trên, bệnh nhân có thể liên hệ với chúng tôi để được hỗ trợ, sắp xếp lịch khám phù hợp.</p>', -1, 6, -1, 3, NULL, '2020-03-23 15:44:02', '2020-03-23 15:44:02', NULL, NULL),
(41, '3 bác sĩ Thần kinh giỏi và nhiều kinh nghiệm ở Hà Nội', '\nNếu bệnh nhân đang mắc các bệnh lý Thần kinh (hoặc nghi ngờ bị bệnh về Thần kinh) đã chữa trị nhiều nơi chưa khỏi, thì bạn nên tham vấn những chuyên gia đầu ngành, thăm khám tại những địa chỉ khám Thần kinh uy tín để được chẩn đoán và điều trị theo phương án phù hợp.\n\n## 3 bác sĩ Thần kinh giỏi và nhiều kinh nghiệm ở Hà Nội\n\nDanh sách bác sĩ chuyên khoa Thần kinh được BookingCare giới thiệu dưới đây bao gồm các thông tin về thế mạnh của bác sĩ, kinh nghiệm làm việc, kinh nghiệm đi khám. Hy vọng bạn đọc có thể lựa chọn được bác sĩ phù hợp để thăm khám.\n\n### 1. PGS.TS.BS Nguyễn Thọ Lộ\n\n-   Kinh nghiệm: 35 năm khám chữa bệnh Thần kinh\n-   Chuyên môn: Khám, Điều trị nội khoa các bệnh Thần kinh thường gặp, Tư vấn phẫu thuật Thần kinh\n\nPGS.TS Nguyễn Thọ Lộ là bác sĩ hàng đầu về Thần kinh, từng trực tiếp khám, điều trị, phẫu thuật Thần kinh cho nhiều người bệnh có bệnh lý Thần kinh phức tạp tại Bệnh viện Quân Y 103. Quá trình làm việc của PGS.TS Nguyễn Thọ Lộ:\n\n-   Nguyên Phó Chủ tịch Hội phẫu thuật thần kinh Việt Nam\n-   Nguyên Phó Giám đốc Bệnh viện Quân y 103\n-   Nguyên Chuyên viên đầu nghành Phẫu thuật thần kinh quân đội\n-   Được phong tặng Danh hiệu Thầy thuốc Nhân dân\n-   Ủy viên BCH Hội Phẫu thuật thần kinh Châu Á\n\nBác sĩ được nhiều người bệnh quý mến bởi sự nhiệt tình và tận tâm trong khám, điều trị, chia sẻ cùng người bệnh. Vì vậy mà bác sĩ được nhiều người bệnh tìm đến, trong đó có những bệnh nhân ở các tỉnh xa Hà Nội.\n\nHiện tại, PGS.TS Nguyễn Thọ Lộ đã nghỉ hưu, không trực tiếp phẫu thuật, nhưng vẫn nhận khám và tư vấn các bệnh Thần kinh như: đau đầu, chóng mặt, hội chứng tiền đình, rối loạn thần kinh thực vật, run tứ chi, parkinson...\n\n\n![PGS Nguyễn Thọ Thộ - bác sĩ Thần kinh tại Bệnh viện 103](https://bookingcare.vn/files/blog/2020/03/19/162212-pgs-nguyen-tho-lo-kham-than-kinh.jpg)\n\nPGS Nguyễn Thọ Lộ tư vấn bệnh thần kinh cho bệnh nhân - Ảnh: VTV\n\n### 2. PGS.TS.BS Nguyễn Văn Liệu\n\n-   Kinh nghiệm: 30 năm khám chữa bệnh Thần kinh\n-   Chuyên môn: Khám, Điều trị nội khoa hầu hết các bệnh Thần kinh\n\nPGS.TS Nguyễn Văn Liệu là chuyên gia Thần kinh đầu ngành hiện nay. Bác sĩ đang công tác tại Bệnh viện Bạch Mai và là một trong những bác sĩ Thần kinh nổi tiếng. Quá trình công tác của bác sĩ:\n\n-   Phó Trưởng khoa Thần kinh - Bệnh viện Bạch Mai\n-   Phó Chủ nhiệm Bộ môn Thần kinh - Đại học Y Hà Nội\n-   Giảng viên cao cấp tại trường Đại học Y Hà Nội\n-   Từng học tập và tư nghiệp tại Cộng hòa Pháp\n\nPGS Nguyễn Văn Liệu đã trực tiếp khám và điều trị cho hàng nghìn người bệnh mắc bệnh lý thần kinh, trong đó chủ yếu là Nội thần kinh. Trong quá trình thăm khám, bác sĩ rất cẩn thận, trò chuyện cởi mở với bệnh nhân nên được nhiều người bệnh hài lòng.\n\nBookingCare đã gặp nhiều người bệnh đi khám với bác sĩ, được tư vấn kỹ càng và tình trạng được cải thiện. Sau đó bất kể có người nhà gặp phải triệu chứng bệnh lý thần kinh, đều giới thiệu đến khám với bác sĩ.\n\nLịch khám của bác sĩ chỉ có buổi sáng, nhưng PGS Liệu đã khám bệnh thông buổi trưa, đến khi xong việc thì cũng đến giờ làm việc buổi chiều. Tuy không kịp ăn trưa nhưng bác sĩ vẫn vui vẻ chia sẻ rằng mình không thể để bệnh nhân quay về được.\n\n![PGS Nguyễn Văn Liệu - Chuyên gia đàu ngành Thần kinh](https://bookingcare.vn/files/blog/2020/03/19/162505-pgs-nguyen-van-lieu-chuyen-gia-than-kinh-dau-nganh.jpg)\n\nPGS Nguyễn Văn Liệu là một trong những chuyên gia đầu ngành Thần kinh hiện nay - Ảnh: SKĐS\n\n### 3. PGS.TS.BS Phạm Văn Tuấn\n\n-   Kinh nghiệm: Gần 30 năm khám chữa bệnh Thần kinh\n-   Chuyên môn: Khám, Điều trị nội khoa hầu hết các bệnh Thần kinh\n\nPGS.TS Phạm Văn Tuấn  là một trong những chuyên gia đầu ngành về Thần kinh và các bệnh Lão khoa như: Sa sút trí tuệ, Alzheimer, mất ngủ kéo dài, đau đầu, rối loạn tiền đình... Quá trình đào tạo và làm việc:\n\n-   Nguyên Trưởng khoa Thần kinh và bệnh Alzheimer, Bệnh viện Lão khoa Trung ương\n-   Nguyên là bác sĩ Khoa Thần kinh, Bệnh viện Bạch Mai\n-   Giảng viên Cao cấp trường Đại học Y Hà Nội\n-   Thành viên Viện Hàn lâm Thần kinh học Hoa Kỳ\n\nGần 30 năm trong nghề, PGS.TS Phạm Văn Tuấn đã tiến hành trao đổi kinh nghiệm và tu nghiệp tại nhiều quốc gia trên thế giới. Bác sĩ Phạm Văn Tuấn được bệnh nhân nhận xét là người ân cần, luôn nhẹ nhàng với người bệnh.\n\nPGS Phạm Văn Tuấn thường khám vào chiều Thứ 3 và sáng Thứ 7. Tuy nhiên lịch này có thể thay đổi nếu bác sĩ đi công tác, người bệnh nên đặt lịch trước để được thông báo kịp thời.\n\n![PGS Phạm Văn Tuấn - Chuyên gia khám chữa bệnh Tâm Thần kinh và bệnh Lão khoa ](https://bookingcare.vn/files/blog/2020/03/19/162738-pgs-nguyen-trong-hung-chuyen-khoa-than-kinh.jpg)\n\nPGS Phạm Văn Tuấn thăm khám tại Phòng khám Meditec - Ảnh: PK Meditec\n\n\nTrên đây là 3 bác sĩ Thần kinh giỏi, cùng thế mạnh và lịch khám cụ thể. Tuy nhiên, lịch khám chỉ mang tính chất tham khảo, người bệnh nên kiểm tra lại trước khi đi khám vì có thể có thay đổi đột xuất.', '<p>Nếu bệnh nhân đang mắc các bệnh lý Thần kinh (hoặc nghi ngờ bị bệnh về Thần kinh) đã chữa trị nhiều nơi chưa khỏi, thì bạn nên tham vấn những chuyên gia đầu ngành, thăm khám tại những địa chỉ khám Thần kinh uy tín để được chẩn đoán và điều trị theo phương án phù hợp.</p>\n<h2 id=\"3bcsthnkinhgiivnhiukinhnghimhni\">3 bác sĩ Thần kinh giỏi và nhiều kinh nghiệm ở Hà Nội</h2>\n<p>Danh sách bác sĩ chuyên khoa Thần kinh được BookingCare giới thiệu dưới đây bao gồm các thông tin về thế mạnh của bác sĩ, kinh nghiệm làm việc, kinh nghiệm đi khám. Hy vọng bạn đọc có thể lựa chọn được bác sĩ phù hợp để thăm khám.</p>\n<h3 id=\"1pgstsbsnguynthl\">1. PGS.TS.BS Nguyễn Thọ Lộ</h3>\n<ul>\n<li>Kinh nghiệm: 35 năm khám chữa bệnh Thần kinh</li>\n<li>Chuyên môn: Khám, Điều trị nội khoa các bệnh Thần kinh thường gặp, Tư vấn phẫu thuật Thần kinh</li>\n</ul>\n<p>PGS.TS Nguyễn Thọ Lộ là bác sĩ hàng đầu về Thần kinh, từng trực tiếp khám, điều trị, phẫu thuật Thần kinh cho nhiều người bệnh có bệnh lý Thần kinh phức tạp tại Bệnh viện Quân Y 103. Quá trình làm việc của PGS.TS Nguyễn Thọ Lộ:</p>\n<ul>\n<li>Nguyên Phó Chủ tịch Hội phẫu thuật thần kinh Việt Nam</li>\n<li>Nguyên Phó Giám đốc Bệnh viện Quân y 103</li>\n<li>Nguyên Chuyên viên đầu nghành Phẫu thuật thần kinh quân đội</li>\n<li>Được phong tặng Danh hiệu Thầy thuốc Nhân dân</li>\n<li>Ủy viên BCH Hội Phẫu thuật thần kinh Châu Á</li>\n</ul>\n<p>Bác sĩ được nhiều người bệnh quý mến bởi sự nhiệt tình và tận tâm trong khám, điều trị, chia sẻ cùng người bệnh. Vì vậy mà bác sĩ được nhiều người bệnh tìm đến, trong đó có những bệnh nhân ở các tỉnh xa Hà Nội.</p>\n<p>Hiện tại, PGS.TS Nguyễn Thọ Lộ đã nghỉ hưu, không trực tiếp phẫu thuật, nhưng vẫn nhận khám và tư vấn các bệnh Thần kinh như: đau đầu, chóng mặt, hội chứng tiền đình, rối loạn thần kinh thực vật, run tứ chi, parkinson…</p>\n<p><img src=\"https://bookingcare.vn/files/blog/2020/03/19/162212-pgs-nguyen-tho-lo-kham-than-kinh.jpg\" alt=\"PGS Nguyễn Thọ Thộ - bác sĩ Thần kinh tại Bệnh viện 103\" /></p>\n<p>PGS Nguyễn Thọ Lộ tư vấn bệnh thần kinh cho bệnh nhân - Ảnh: VTV</p>\n<h3 id=\"2pgstsbsnguynvnliu\">2. PGS.TS.BS Nguyễn Văn Liệu</h3>\n<ul>\n<li>Kinh nghiệm: 30 năm khám chữa bệnh Thần kinh</li>\n<li>Chuyên môn: Khám, Điều trị nội khoa hầu hết các bệnh Thần kinh</li>\n</ul>\n<p>PGS.TS Nguyễn Văn Liệu là chuyên gia Thần kinh đầu ngành hiện nay. Bác sĩ đang công tác tại Bệnh viện Bạch Mai và là một trong những bác sĩ Thần kinh nổi tiếng. Quá trình công tác của bác sĩ:</p>\n<ul>\n<li>Phó Trưởng khoa Thần kinh - Bệnh viện Bạch Mai</li>\n<li>Phó Chủ nhiệm Bộ môn Thần kinh - Đại học Y Hà Nội</li>\n<li>Giảng viên cao cấp tại trường Đại học Y Hà Nội</li>\n<li>Từng học tập và tư nghiệp tại Cộng hòa Pháp</li>\n</ul>\n<p>PGS Nguyễn Văn Liệu đã trực tiếp khám và điều trị cho hàng nghìn người bệnh mắc bệnh lý thần kinh, trong đó chủ yếu là Nội thần kinh. Trong quá trình thăm khám, bác sĩ rất cẩn thận, trò chuyện cởi mở với bệnh nhân nên được nhiều người bệnh hài lòng.</p>\n<p>BookingCare đã gặp nhiều người bệnh đi khám với bác sĩ, được tư vấn kỹ càng và tình trạng được cải thiện. Sau đó bất kể có người nhà gặp phải triệu chứng bệnh lý thần kinh, đều giới thiệu đến khám với bác sĩ.</p>\n<p>Lịch khám của bác sĩ chỉ có buổi sáng, nhưng PGS Liệu đã khám bệnh thông buổi trưa, đến khi xong việc thì cũng đến giờ làm việc buổi chiều. Tuy không kịp ăn trưa nhưng bác sĩ vẫn vui vẻ chia sẻ rằng mình không thể để bệnh nhân quay về được.</p>\n<p><img src=\"https://bookingcare.vn/files/blog/2020/03/19/162505-pgs-nguyen-van-lieu-chuyen-gia-than-kinh-dau-nganh.jpg\" alt=\"PGS Nguyễn Văn Liệu - Chuyên gia đàu ngành Thần kinh\" /></p>\n<p>PGS Nguyễn Văn Liệu là một trong những chuyên gia đầu ngành Thần kinh hiện nay - Ảnh: SKĐS</p>\n<h3 id=\"3pgstsbsphmvntun\">3. PGS.TS.BS Phạm Văn Tuấn</h3>\n<ul>\n<li>Kinh nghiệm: Gần 30 năm khám chữa bệnh Thần kinh</li>\n<li>Chuyên môn: Khám, Điều trị nội khoa hầu hết các bệnh Thần kinh</li>\n</ul>\n<p>PGS.TS Phạm Văn Tuấn  là một trong những chuyên gia đầu ngành về Thần kinh và các bệnh Lão khoa như: Sa sút trí tuệ, Alzheimer, mất ngủ kéo dài, đau đầu, rối loạn tiền đình… Quá trình đào tạo và làm việc:</p>\n<ul>\n<li>Nguyên Trưởng khoa Thần kinh và bệnh Alzheimer, Bệnh viện Lão khoa Trung ương</li>\n<li>Nguyên là bác sĩ Khoa Thần kinh, Bệnh viện Bạch Mai</li>\n<li>Giảng viên Cao cấp trường Đại học Y Hà Nội</li>\n<li>Thành viên Viện Hàn lâm Thần kinh học Hoa Kỳ</li>\n</ul>\n<p>Gần 30 năm trong nghề, PGS.TS Phạm Văn Tuấn đã tiến hành trao đổi kinh nghiệm và tu nghiệp tại nhiều quốc gia trên thế giới. Bác sĩ Phạm Văn Tuấn được bệnh nhân nhận xét là người ân cần, luôn nhẹ nhàng với người bệnh.</p>\n<p>PGS Phạm Văn Tuấn thường khám vào chiều Thứ 3 và sáng Thứ 7. Tuy nhiên lịch này có thể thay đổi nếu bác sĩ đi công tác, người bệnh nên đặt lịch trước để được thông báo kịp thời.</p>\n<p><img src=\"https://bookingcare.vn/files/blog/2020/03/19/162738-pgs-nguyen-trong-hung-chuyen-khoa-than-kinh.jpg\" alt=\"PGS Phạm Văn Tuấn - Chuyên gia khám chữa bệnh Tâm Thần kinh và bệnh Lão khoa \" /></p>\n<p>PGS Phạm Văn Tuấn thăm khám tại Phòng khám Meditec - Ảnh: PK Meditec</p>\n<p>Trên đây là 3 bác sĩ Thần kinh giỏi, cùng thế mạnh và lịch khám cụ thể. Tuy nhiên, lịch khám chỉ mang tính chất tham khảo, người bệnh nên kiểm tra lại trước khi đi khám vì có thể có thay đổi đột xuất.</p>', -1, -1, -1, 3, NULL, '2020-04-01 02:25:35', '2020-04-01 02:25:35', NULL, NULL),
(42, '3 địa chỉ chữa Đau dây thần kinh tọa tốt ở TP.HCM', '\n# 3 địa chỉ chữa Đau dây thần kinh tọa tốt ở TP.HCM\n\n## Bệnh đau dây thần kinh tọa nên được khám chữa với một bác sĩ chuyên khoa Thần kinh tại địa chỉ uy tín. BookingCare sẽ giới thiệu các địa chỉ chữa đau dây thần kinh tọa tốt ở TP.HCM cùng các bác sĩ khám để người bệnh tham khảo.\n\nĐau thần kinh tọa là bệnh có triệu chứng đặc thù: đau từ lưng dưới dọc xuống chân, đặc biệt cơn đau thường xuất hiện sau khi nhấc vật nặng.\n\nĐau thần kinh tọa thường xuất phát từ các vấn đề cột sống thắt lưng, nguyên nhân thông thường là đĩa đệm cột sống lồi ra và đè trực tiếp lên dây thần kinh tọa, nhưng cũng có nhiều trường hợp không có nguyên nhân rõ ràng.\n\nBất kể nguyên nhân là gì, người bệnh cũng cần tìm đến một địa chỉ khám chữa uy tín để được phát hiện và điều trị sớm, tiết kiệm thời gian và chi phí. Nếu để kéo dài, có thể ảnh hưởng đến cuộc sống bình thường của người bệnh.\n\nThông thường, bệnh đau dây thần kinh tọa nên được khám chữa với một bác sĩ chuyên khoa Thần kinh tại địa chỉ uy tín. Dưới đây, BookingCare sẽ tổng hợp giúp bạn đọc các bệnh viện, phòng khám chữa đau dây thần kinh tọa tốt ở TP.HCM.\n\n## 3 địa chỉ chữa Đau dây thần kinh tọa tốt ở TP.HCM\n\nMời bạn đọc tham khảo thông tin chi tiết về các địa chỉ chữa đau dây thần kinh tọa trong nội dung bên dưới.\n\n### 1. Bệnh viện Chợ Rẫy\n\n-   Địa chỉ: số 201B Nguyễn Chí Thanh, Phường 12, Quận 5, TP.HCM\n-   Thời gian khám:\n    -   Khoa Khám bệnh: Thứ 2 - thứ 6: từ 4h00 - 16h00; Thứ 7: 7h00 - 11h00\n    -   Khoa Khám theo yêu cầu: Thứ 2 - thứ 6: từ 4h00 - 16h00; Thứ 7: 7h00 - 11h00\n    -   Phòng khám chuyên gia: Thứ 2 - thứ 6: 7h00 - 16h00 (nhận đăng kí từ 4h00 sáng)\n\n![Đăng kí khám đau dây thần kinh tọa tại Khoa Khám bệnh, Bệnh viện Chợ Rẫy](https://bookingcare.vn/files/blog/2020/02/26/104931-khoa-kham-benh-bv-cho-ray.jpg)\n\nKhoa Khám bệnh, Bệnh viện Chợ Rẫy - Ảnh: BookingCare\n\nBệnh viện Chợ Rẫy là một trong những bệnh viện đa khoa hạng đặc biệt tuyến Trung ương, hàng ngày số lượng bệnh nhân tiếp nhận khám lên đến 10.000 người. Chuyên khoa Thần kinh là một trong những thế mạnh của bệnh viện về khám và điều trị.\n\nBệnh viện được xây dựng từ rất lâu nên hiện tại một số khu khám và điều trị đang xuống cấp. Tuy nhiên, với hệ thống trang thiết bị được đầu tư và đội ngũ bác sĩ, chuyên gia hàng đầu về Thần kinh tại TP.HCM, đây luôn là địa chỉ được nhiều người bệnh đau thần kinh tọa tìm đến thăm khám.\n\n**Một số bác sĩ Chuyên khoa Thần kinh giỏi**\n\n-   Tiến sĩ, Bác sĩ Nguyễn Kim Chung, Phó Trưởng Khoa Thần kinh, Bệnh viện Chợ Rẫy\n-   Giáo sư, Tiến sĩ Phạm Văn Tuấn, Nguyên Trưởng khoa Thần kinh, Bệnh viện Chợ Rẫy\n\n**Kinh nghiệm đi khám thực tế**\n\nBệnh viện Chợ Rẫy là bệnh viện lớn, hầu hết người bệnh đều biết về chất lượng khám chữa bệnh tại đây. Tuy nhiên, đi khám đau dây thần kinh tọa như thế nào cho hiệu quả và tiết kiệm thời gian thì không phải ai cũng nắm rõ.\n\nBệnh viện có lượng bệnh nhân rất đông, hầu hết các ngày trong tuần. Nếu không phải là trường hợp cấp cứu, người bệnh đau dây thần kinh tọa có thể đến khám vào các buổi chiều và ưu tiên vào những ngày từ giữa đến cuối tuần. Như vậy sẽ đỡ đông bệnh nhân hơn.\n\nCác quầy làm thủ tục tại Bệnh viện Chợ Rẫy:\n\n-   Khám thường: Quầy số 04, 05 tầng trệt khoa Khám bệnh.\n-   Khám ưu tiên: Quầy 01, 02 và 03 tầng trệt khoa Khám bệnh (chi phí khám cao hơn và thời gian chờ đợi được rút ngắn hơn khám thường).\n-   Khám chuyên gia: Quầy 01, 02 và 03 tầng trệt khoa Khám bệnh sau đó lên lầu 1 để được hướng dẫn. Thời gian chờ đợi khám của dịch vụ này cũng được rút ngắn đáng kể nhưng chi phí khám sẽ cao hơn.\n-   Đăng kí khám trước qua tổng đài 1080: Quầy số 06\n-   Khu khám bệnh II (khám theo yêu cầu): Làm thủ tục và khám tại tòa nhà số 620 Nguyễn Chí Thanh - đối diện cổng chính bệnh viện.\n\nHiện tại chưa có dịch vụ đặt khám hẹn giờ và đặt khám đích danh bác sĩ, nhưng nếu có đã kế hoạch đi khám, người bệnh nên đăng kí khám trước để tiết kiệm thời gian chờ đợi.\n\n### 2. Bệnh viện Nhân dân 115\n\n-   Địa chỉ: 527 Sư Vạn Hạnh, Phường 12, Quận 10, TP.HCM\n-   Thời gian khám:\n    -   Khoa Khám bệnh: Thứ 2 - Thứ 6, từ 7h00 - 16h00 (bắt đầu phát số từ sáng 5h30)\n    -   Khoa Khám và điều trị theo yêu cầu: Thứ 2 - Thứ 7, từ 7h00 - 16h00; Chủ nhật, từ 7h00 - 12h00\n    -   Phòng khám VIP - Doanh nhân: Thứ 2 - Thứ 6, từ 7h00 - 16h00; Thứ 7, từ 7h00 - 12h00\n\n![Đăng kí khsam đau thần kinh tọa tại Khoa Khám bệnh, Bệnh viện Nhân dân 115](https://bookingcare.vn/files/blog/2019/09/10/100652benh-vien-115.jpg)\n\nKhoa Khám bệnh, Bệnh viện Nhân dân 115 - Ảnh: BookingCare\n\nBệnh viện Nhân dân 115 là bệnh viện đa khoa, trực thuộc Sở Y tế TP.HCM. Bệnh viện cũng là một trong những địa chỉ uy tín được nhiều người bệnh biết đến. Chuyên khoa Thần kinh là một trong những chuyên khoa được đầu tư, tập trung mũi nhọn của bệnh viện.\n\nHiện tại, bệnh viện có cơ sở vật chất khang trang, ứng dụng công nghệ thông tin trong khám chữa bệnh, góp phần rút ngắn thời gian chờ khám, phân luồng bệnh nhân, chuyên nghiệp hóa quy trình khám.\n\nMột số loại trang thiết bị hiện đại của bệnh viện hỗ trợ khám chữa đau dây thần kinh tọa như: Máy chụp cộng hưởng từ 1.5 Tesla, máy chụp cắt lớp vi tính, máy chụp Pet/CT, máy Xquang kỹ thuật số,....\n\n**Một số bác sĩ Chuyên khoa Thần kinh giỏi**\n\n-   Tiến sĩ, Bác sĩ Lê Văn Tuấn, Trưởng khoa Nội Thần kinh, Bệnh viện Nhân dân 115\n-   BSCKII Bùi Huy Hảo, Phó Trưởng khoa Nội Thần kinh, Bệnh viện Nhân dân 115\n\n**Kinh nghiệm đi khám thực tế**\n\nBệnh viện Nhân dân 115 là bệnh viện lớn, tương đối đông bệnh nhân đến khám hàng ngày, tất nhiên không đông bằng Bệnh viện Chợ Rẫy. Nhưng người bệnh nên nắm được một số thông tin sau đây để quá trình khám chữa bệnh được hiệu quả và tiết kiệm thời gian hơn.\n\nNơi đăng kí khám:\n\n-   Khám thường: Tầng trệt, số 88 Thành Thái, quận 10, TP.HCM (khu E).\n-   Khám theo yêu cầu: Tầng trệt, số 527 Sư Vạn Hạnh, Quận 10, TP.HCM (khu A).\n-   Phòng khám VIP - Doanh nhân: Tầng trệt, ố 527 Sư Vạn Hạnh, Quận 10, TP.HCM (khu A, phía sau khoa Khám và điều trị theo yêu cầu).\n\nHiện tại, bệnh viện có cả dịch vụ đặt khám trước qua tổng đài 1080 và tổng đài riêng của bệnh viện. Tại Khu Khám theo yêu cầu và Phòng khám VIP - Doanh nhân có cả dịch vụ đặt khám hẹn giờ, giúp bệnh nhân chủ động thời gian, không phải chờ đợi khi đi khám.\n\n### 3. Bệnh viện Chuyên khoa Ngoại Thần kinh Quốc tế\n\n-   Địa chỉ: 65A Lũy Bán Bích, Phường Tân Thới Hòa, Quận Tân Phú, TP.HCM\n-   Thời gian khám: Thứ 2 - thứ 7: 6h30 - 17h00\n\n![Đăng kí khám đau dây thần kinh tọa tại BV Chuyên khoa Ngoại Thần kinh Quốc tế](https://bookingcare.vn/files/blog/2019/10/25/142927quay-dang-ki-kham-bv-ngoai-tk-quoc-te.jpg)\n\nBàn đăng kí khám tại Bệnh viện Chuyên khoa Ngoại Thần kinh Quốc tế - Ảnh: BookingCare\n\nBệnh viện Chuyên khoa Ngoại Thần kinh Quốc tế là bệnh viện chuyên khoa về Thần kinh đầu tiên trên cả nước. Bẹnh viện được thành lập và điều hành bởi PGs.Ts. Võ Văn Nho, Nguyên Trưởng khoa Ngoại Thần kinh, Bệnh viện Chợ Rẫy.\n\nBệnh viện chuyên sâu khám và điều trị về các bệnh lý thuộc chuyên khoa Thần kinh (cả nội và ngoại khoa),chấn thương chỉnh hình. Bệnh viện được đầu tư hệ thống cơ sở vật chất hiện đại phục vụ khám và điều trị cho bệnh nhân các chuyên khoa này: Chụp cắt lớp, cộng hưởng từ, siêu âm, hệ thống máy xét nghiệm sinh hóa, miễn dịch tự động....\n\n**Một số bác sĩ Chuyên khoa Thần kinh giỏi**\n\n-   PGs.Ts. Võ Văn Nho, Nguyên Trưởng khoa Ngoại Thần kinh, Bệnh viện Chợ Rẫy.\n-   BSCKII. Lê Văn Tuấn, Nguyên Trưởng khoa Ngoại Thần kinh, Bệnh viện Đa khoa Bình Dương\n\nNgoài ra, bệnh viện còn có sự tham gia khám bệnh của các bác sĩ cộng tác tại Khoa Thần kinh, Bệnh viện Chợ Rẫy.\n\n**Kinh nghiệm đi khám thực tế**\n\nTuy là một bệnh viện tư nhân, nhưng đây là một địa chỉ uy tín cho người bệnh khám chữa đau dây thần kinh tọa với đội ngũ bác sĩ giỏi từ bệnh viện lớn và hệ thống thiết bị hỗ trợ được đầu tư.\n\nBệnh viện không quá đông bệnh nhân như các bệnh viện công lập, nhưng người bệnh nên đặt hẹn trước qua tổng đài 1080 hoặc qua bệnh viện để giảm thiểu thời gian chờ đợi. Đặc biệt, với những bệnh nhân muốn khám trực tiếp với PGs.Ts. Võ Văn Nho, mỗi buổi khám bác sĩ chỉ nhận 5 số khám (sáng thứ 2, 4, 6).\n\nBên cạnh đó, bệnh viện còn có dịch vụ xe đưa đón bệnh nhân miễn phí ở nội thành TP.HCM chụp cắt lớp, chụp cộng hưởng từ, đo điện cơ, điện não hoặc bệnh nhân xuất viện ở nội thành TP. HCM về tận nhà, bệnh nhân xuất viện ở các tỉnh ra bến xe khách.\n\nTrên đây là danh sách bệnh viện, phòng khám chữa đau dây thần kinh tọa tốt ở TP.HCM. BookingCare hy vọng bạn đọc sẽ có được thông tin hữu ích cho quá trình tìm kiếm địa chỉ khám của mình.', '<h1 id=\"3achchaaudythnkinhtatttphcm\">3 địa chỉ chữa Đau dây thần kinh tọa tốt ở TP.HCM</h1>\n<h2 id=\"bnhaudythnkinhtannckhmchavimtbcschuynkhoathnkinhtiachuytnbookingcaresgiithiuccachchaaudythnkinhtatttphcmcngccbcskhmngibnhthamkho\">Bệnh đau dây thần kinh tọa nên được khám chữa với một bác sĩ chuyên khoa Thần kinh tại địa chỉ uy tín. BookingCare sẽ giới thiệu các địa chỉ chữa đau dây thần kinh tọa tốt ở TP.HCM cùng các bác sĩ khám để người bệnh tham khảo.</h2>\n<p>Đau thần kinh tọa là bệnh có triệu chứng đặc thù: đau từ lưng dưới dọc xuống chân, đặc biệt cơn đau thường xuất hiện sau khi nhấc vật nặng.</p>\n<p>Đau thần kinh tọa thường xuất phát từ các vấn đề cột sống thắt lưng, nguyên nhân thông thường là đĩa đệm cột sống lồi ra và đè trực tiếp lên dây thần kinh tọa, nhưng cũng có nhiều trường hợp không có nguyên nhân rõ ràng.</p>\n<p>Bất kể nguyên nhân là gì, người bệnh cũng cần tìm đến một địa chỉ khám chữa uy tín để được phát hiện và điều trị sớm, tiết kiệm thời gian và chi phí. Nếu để kéo dài, có thể ảnh hưởng đến cuộc sống bình thường của người bệnh.</p>\n<p>Thông thường, bệnh đau dây thần kinh tọa nên được khám chữa với một bác sĩ chuyên khoa Thần kinh tại địa chỉ uy tín. Dưới đây, BookingCare sẽ tổng hợp giúp bạn đọc các bệnh viện, phòng khám chữa đau dây thần kinh tọa tốt ở TP.HCM.</p>\n<h2 id=\"3achchaaudythnkinhtatttphcm-1\">3 địa chỉ chữa Đau dây thần kinh tọa tốt ở TP.HCM</h2>\n<p>Mời bạn đọc tham khảo thông tin chi tiết về các địa chỉ chữa đau dây thần kinh tọa trong nội dung bên dưới.</p>\n<h3 id=\"1bnhvinchry\">1. Bệnh viện Chợ Rẫy</h3>\n<ul>\n<li>Địa chỉ: số 201B Nguyễn Chí Thanh, Phường 12, Quận 5, TP.HCM</li>\n<li>Thời gian khám:<ul>\n<li>Khoa Khám bệnh: Thứ 2 - thứ 6: từ 4h00 - 16h00; Thứ 7: 7h00 - 11h00</li>\n<li>Khoa Khám theo yêu cầu: Thứ 2 - thứ 6: từ 4h00 - 16h00; Thứ 7: 7h00 - 11h00</li>\n<li>Phòng khám chuyên gia: Thứ 2 - thứ 6: 7h00 - 16h00 (nhận đăng kí từ 4h00 sáng)</li></ul></li>\n</ul>\n<p><img src=\"https://bookingcare.vn/files/blog/2020/02/26/104931-khoa-kham-benh-bv-cho-ray.jpg\" alt=\"Đăng kí khám đau dây thần kinh tọa tại Khoa Khám bệnh, Bệnh viện Chợ Rẫy\" /></p>\n<p>Khoa Khám bệnh, Bệnh viện Chợ Rẫy - Ảnh: BookingCare</p>\n<p>Bệnh viện Chợ Rẫy là một trong những bệnh viện đa khoa hạng đặc biệt tuyến Trung ương, hàng ngày số lượng bệnh nhân tiếp nhận khám lên đến 10.000 người. Chuyên khoa Thần kinh là một trong những thế mạnh của bệnh viện về khám và điều trị.</p>\n<p>Bệnh viện được xây dựng từ rất lâu nên hiện tại một số khu khám và điều trị đang xuống cấp. Tuy nhiên, với hệ thống trang thiết bị được đầu tư và đội ngũ bác sĩ, chuyên gia hàng đầu về Thần kinh tại TP.HCM, đây luôn là địa chỉ được nhiều người bệnh đau thần kinh tọa tìm đến thăm khám.</p>\n<p><strong>Một số bác sĩ Chuyên khoa Thần kinh giỏi</strong></p>\n<ul>\n<li>Tiến sĩ, Bác sĩ Nguyễn Kim Chung, Phó Trưởng Khoa Thần kinh, Bệnh viện Chợ Rẫy</li>\n<li>Giáo sư, Tiến sĩ Phạm Văn Tuấn, Nguyên Trưởng khoa Thần kinh, Bệnh viện Chợ Rẫy</li>\n</ul>\n<p><strong>Kinh nghiệm đi khám thực tế</strong></p>\n<p>Bệnh viện Chợ Rẫy là bệnh viện lớn, hầu hết người bệnh đều biết về chất lượng khám chữa bệnh tại đây. Tuy nhiên, đi khám đau dây thần kinh tọa như thế nào cho hiệu quả và tiết kiệm thời gian thì không phải ai cũng nắm rõ.</p>\n<p>Bệnh viện có lượng bệnh nhân rất đông, hầu hết các ngày trong tuần. Nếu không phải là trường hợp cấp cứu, người bệnh đau dây thần kinh tọa có thể đến khám vào các buổi chiều và ưu tiên vào những ngày từ giữa đến cuối tuần. Như vậy sẽ đỡ đông bệnh nhân hơn.</p>\n<p>Các quầy làm thủ tục tại Bệnh viện Chợ Rẫy:</p>\n<ul>\n<li>Khám thường: Quầy số 04, 05 tầng trệt khoa Khám bệnh.</li>\n<li>Khám ưu tiên: Quầy 01, 02 và 03 tầng trệt khoa Khám bệnh (chi phí khám cao hơn và thời gian chờ đợi được rút ngắn hơn khám thường).</li>\n<li>Khám chuyên gia: Quầy 01, 02 và 03 tầng trệt khoa Khám bệnh sau đó lên lầu 1 để được hướng dẫn. Thời gian chờ đợi khám của dịch vụ này cũng được rút ngắn đáng kể nhưng chi phí khám sẽ cao hơn.</li>\n<li>Đăng kí khám trước qua tổng đài 1080: Quầy số 06</li>\n<li>Khu khám bệnh II (khám theo yêu cầu): Làm thủ tục và khám tại tòa nhà số 620 Nguyễn Chí Thanh - đối diện cổng chính bệnh viện.</li>\n</ul>\n<p>Hiện tại chưa có dịch vụ đặt khám hẹn giờ và đặt khám đích danh bác sĩ, nhưng nếu có đã kế hoạch đi khám, người bệnh nên đăng kí khám trước để tiết kiệm thời gian chờ đợi.</p>\n<h3 id=\"2bnhvinnhndn115\">2. Bệnh viện Nhân dân 115</h3>\n<ul>\n<li>Địa chỉ: 527 Sư Vạn Hạnh, Phường 12, Quận 10, TP.HCM</li>\n<li>Thời gian khám:<ul>\n<li>Khoa Khám bệnh: Thứ 2 - Thứ 6, từ 7h00 - 16h00 (bắt đầu phát số từ sáng 5h30)</li>\n<li>Khoa Khám và điều trị theo yêu cầu: Thứ 2 - Thứ 7, từ 7h00 - 16h00; Chủ nhật, từ 7h00 - 12h00</li>\n<li>Phòng khám VIP - Doanh nhân: Thứ 2 - Thứ 6, từ 7h00 - 16h00; Thứ 7, từ 7h00 - 12h00</li></ul></li>\n</ul>\n<p><img src=\"https://bookingcare.vn/files/blog/2019/09/10/100652benh-vien-115.jpg\" alt=\"Đăng kí khsam đau thần kinh tọa tại Khoa Khám bệnh, Bệnh viện Nhân dân 115\" /></p>\n<p>Khoa Khám bệnh, Bệnh viện Nhân dân 115 - Ảnh: BookingCare</p>\n<p>Bệnh viện Nhân dân 115 là bệnh viện đa khoa, trực thuộc Sở Y tế TP.HCM. Bệnh viện cũng là một trong những địa chỉ uy tín được nhiều người bệnh biết đến. Chuyên khoa Thần kinh là một trong những chuyên khoa được đầu tư, tập trung mũi nhọn của bệnh viện.</p>\n<p>Hiện tại, bệnh viện có cơ sở vật chất khang trang, ứng dụng công nghệ thông tin trong khám chữa bệnh, góp phần rút ngắn thời gian chờ khám, phân luồng bệnh nhân, chuyên nghiệp hóa quy trình khám.</p>\n<p>Một số loại trang thiết bị hiện đại của bệnh viện hỗ trợ khám chữa đau dây thần kinh tọa như: Máy chụp cộng hưởng từ 1.5 Tesla, máy chụp cắt lớp vi tính, máy chụp Pet/CT, máy Xquang kỹ thuật số,….</p>\n<p><strong>Một số bác sĩ Chuyên khoa Thần kinh giỏi</strong></p>\n<ul>\n<li>Tiến sĩ, Bác sĩ Lê Văn Tuấn, Trưởng khoa Nội Thần kinh, Bệnh viện Nhân dân 115</li>\n<li>BSCKII Bùi Huy Hảo, Phó Trưởng khoa Nội Thần kinh, Bệnh viện Nhân dân 115</li>\n</ul>\n<p><strong>Kinh nghiệm đi khám thực tế</strong></p>\n<p>Bệnh viện Nhân dân 115 là bệnh viện lớn, tương đối đông bệnh nhân đến khám hàng ngày, tất nhiên không đông bằng Bệnh viện Chợ Rẫy. Nhưng người bệnh nên nắm được một số thông tin sau đây để quá trình khám chữa bệnh được hiệu quả và tiết kiệm thời gian hơn.</p>\n<p>Nơi đăng kí khám:</p>\n<ul>\n<li>Khám thường: Tầng trệt, số 88 Thành Thái, quận 10, TP.HCM (khu E).</li>\n<li>Khám theo yêu cầu: Tầng trệt, số 527 Sư Vạn Hạnh, Quận 10, TP.HCM (khu A).</li>\n<li>Phòng khám VIP - Doanh nhân: Tầng trệt, ố 527 Sư Vạn Hạnh, Quận 10, TP.HCM (khu A, phía sau khoa Khám và điều trị theo yêu cầu).</li>\n</ul>\n<p>Hiện tại, bệnh viện có cả dịch vụ đặt khám trước qua tổng đài 1080 và tổng đài riêng của bệnh viện. Tại Khu Khám theo yêu cầu và Phòng khám VIP - Doanh nhân có cả dịch vụ đặt khám hẹn giờ, giúp bệnh nhân chủ động thời gian, không phải chờ đợi khi đi khám.</p>\n<h3 id=\"3bnhvinchuynkhoangoithnkinhquct\">3. Bệnh viện Chuyên khoa Ngoại Thần kinh Quốc tế</h3>\n<ul>\n<li>Địa chỉ: 65A Lũy Bán Bích, Phường Tân Thới Hòa, Quận Tân Phú, TP.HCM</li>\n<li>Thời gian khám: Thứ 2 - thứ 7: 6h30 - 17h00</li>\n</ul>\n<p><img src=\"https://bookingcare.vn/files/blog/2019/10/25/142927quay-dang-ki-kham-bv-ngoai-tk-quoc-te.jpg\" alt=\"Đăng kí khám đau dây thần kinh tọa tại BV Chuyên khoa Ngoại Thần kinh Quốc tế\" /></p>\n<p>Bàn đăng kí khám tại Bệnh viện Chuyên khoa Ngoại Thần kinh Quốc tế - Ảnh: BookingCare</p>\n<p>Bệnh viện Chuyên khoa Ngoại Thần kinh Quốc tế là bệnh viện chuyên khoa về Thần kinh đầu tiên trên cả nước. Bẹnh viện được thành lập và điều hành bởi PGs.Ts. Võ Văn Nho, Nguyên Trưởng khoa Ngoại Thần kinh, Bệnh viện Chợ Rẫy.</p>\n<p>Bệnh viện chuyên sâu khám và điều trị về các bệnh lý thuộc chuyên khoa Thần kinh (cả nội và ngoại khoa),chấn thương chỉnh hình. Bệnh viện được đầu tư hệ thống cơ sở vật chất hiện đại phục vụ khám và điều trị cho bệnh nhân các chuyên khoa này: Chụp cắt lớp, cộng hưởng từ, siêu âm, hệ thống máy xét nghiệm sinh hóa, miễn dịch tự động….</p>\n<p><strong>Một số bác sĩ Chuyên khoa Thần kinh giỏi</strong></p>\n<ul>\n<li>PGs.Ts. Võ Văn Nho, Nguyên Trưởng khoa Ngoại Thần kinh, Bệnh viện Chợ Rẫy.</li>\n<li>BSCKII. Lê Văn Tuấn, Nguyên Trưởng khoa Ngoại Thần kinh, Bệnh viện Đa khoa Bình Dương</li>\n</ul>\n<p>Ngoài ra, bệnh viện còn có sự tham gia khám bệnh của các bác sĩ cộng tác tại Khoa Thần kinh, Bệnh viện Chợ Rẫy.</p>\n<p><strong>Kinh nghiệm đi khám thực tế</strong></p>\n<p>Tuy là một bệnh viện tư nhân, nhưng đây là một địa chỉ uy tín cho người bệnh khám chữa đau dây thần kinh tọa với đội ngũ bác sĩ giỏi từ bệnh viện lớn và hệ thống thiết bị hỗ trợ được đầu tư.</p>\n<p>Bệnh viện không quá đông bệnh nhân như các bệnh viện công lập, nhưng người bệnh nên đặt hẹn trước qua tổng đài 1080 hoặc qua bệnh viện để giảm thiểu thời gian chờ đợi. Đặc biệt, với những bệnh nhân muốn khám trực tiếp với PGs.Ts. Võ Văn Nho, mỗi buổi khám bác sĩ chỉ nhận 5 số khám (sáng thứ 2, 4, 6).</p>\n<p>Bên cạnh đó, bệnh viện còn có dịch vụ xe đưa đón bệnh nhân miễn phí ở nội thành TP.HCM chụp cắt lớp, chụp cộng hưởng từ, đo điện cơ, điện não hoặc bệnh nhân xuất viện ở nội thành TP. HCM về tận nhà, bệnh nhân xuất viện ở các tỉnh ra bến xe khách.</p>\n<p>Trên đây là danh sách bệnh viện, phòng khám chữa đau dây thần kinh tọa tốt ở TP.HCM. BookingCare hy vọng bạn đọc sẽ có được thông tin hữu ích cho quá trình tìm kiếm địa chỉ khám của mình.</p>', -1, -1, -1, 3, NULL, '2020-04-01 02:32:48', '2020-04-01 02:32:48', NULL, NULL);
INSERT INTO `posts` (`id`, `title`, `contentMarkdown`, `contentHTML`, `forDoctorId`, `forSpecializationId`, `forClinicId`, `writerId`, `confirmByDoctor`, `createdAt`, `updatedAt`, `deletedAt`, `image`) VALUES
(43, 'Khám chữa đau dây thần kinh số 5 ở đâu tốt Hà Nội?', '# Khám chữa đau dây thần kinh số 5 ở đâu tốt Hà Nội?\n\nTuy bệnh không làm ảnh hưởng đến tính mạng, nhưng điều trị muộn sẽ dấn đến những hệ quả xấu như: gây đau đớn, khó khăn khi ăn uống, làm suy giảm chất lượng cuộc sống.\n\n\nĐau dây thần kinh số V không chữa trị dứt điểm có thể gây ra hệ quả lâu dài.\n\nĐau dây thần kinh số 5 là một loại đau rất đặc thù. Đau thường xảy ra đột ngột và ngắn không quá một phút. Bệnh nhân bị đau một bên, cũng có một số rất ít đau dây V hai bên. Những trường hợp đau hai bên không phải xuất hiện cùng một lúc mà đau một bên trong một thời gian dài rồi sau đó mới xuất hiện phía đối bên.\n\nĐau dây số 5 là một bệnh lý hay gặp chủ yếu ở nữ trên 50 tuổi, tăng dần theo tuổi. Tỷ lệ mắc mới khoảng 20 ca/100.000 dân/năm.\n\nBệnh gây ra bởi nhiễm khuẩn, các khối u như u màng não, u nang thượng bì, u tuyến yên, u ác tính di căn,... hoặc bởi nguyên nhân thứ phát do do ung thư vòm họng, áp-xe răng, sâu răng, viêm mống mắt, viêm xoang....\n\nTuy bệnh không làm ảnh hưởng đến tính mạng, nhưng điều trị muộn sẽ dấn đến những hệ quả xấu như: gây đau đớn, khó khăn khi ăn uống, làm suy giảm chất lượng cuộc sống.\n\n## Khám chữa đau dây thần kinh số 5 ở đâu tốt Hà Nội?\n\nThông thường, khi gặp phải tình trạng đau dây thần kinh số 5, các bác sĩ chuyên khoa  sẽ cho điều trị nội khoa trong thời gian đầu để làm giảm các cơn đau. Sau khi điều trị một thời gian, khoảng 75% bệnh nhân không còn thấy giảm đau khi điều trị thuốc sẽ được điều trị ngoại khoa.\n\nĐiều trị ngoại khoa được áp dụng khi điều trị nội khoa thất bại. Điều trị ngoại khoa đau dây thần kinh số 5 chủ yếu là các can thiệp vi phẫu, không quá phức tạp. Tùy thuộc và độ tuổi và tình trạng sức khỏe, người bệnh sẽ được bác sĩ tư vấn sử dụng phương pháp nào để điều trị hiệu quả.\n\nNhư vậy, với đau dây thần kinh số 5, người bệnh có thể lựa chọn điều trị nội thần kinh trước, sau đó nếu cần can thiệp ngoại khoa, bác sĩ điều trị sẽ tư vấn để có phương pháp phù hợp. Vì vậy, người bệnh cần lựa chọn những cơ sở y tế uy tín để được tư vấn từ các chuyên gia, bác sĩ Thần kinh nhiều kinh nghiệm.\n\n**Khám chuyên khoa Nội Thần kinh**\n\n### **1. Khoa Nội - Hồi sức thần kinh, Bệnh viện Hữu nghị Việt Đức**\n\n-   Địa chỉ: số 16-18 Phủ Doãn, Hoàn Kiếm, Hà Nội\n-   Thời gian: 7h30 - 16h30, thứ 2 - thứ 6\n\nKhi nhắc đến Việt Đức, đa phần người bệnh nghĩ rằng đây là một bệnh viện chuyên sâu về ngoại khoa, ít ai biết tại đây vẫn khám và điều trị cả nội khoa, trong đó có nội khoa thần kinh.\n\n_Ưu điểm_\n\n-   Có cả chuyên khoa Nội và Ngoại Thần kinh, thuận tiện cho người bệnh khám chữa trong trường hợp cần can thiệp ngoại khoa mà không phải chuyển viện.\n-   Thông tin bác sĩ được cập nhật trên trang web của bệnh viện và trên hệ thống BookingCare, người bệnh có thể thuận tiện tra cứu.\n-   Hệ thống trang thiết bị đầy đủ, hỗ trợ tối đa cho người bệnh: Máy chụp cộng hưởng từ, máy chụp CT, điện não, điện cơ,....\n-   Có thể đặt khám trước, chọn bác sĩ khám qua tổng đài bệnh viện hoặc qua BookingCare (tại khu khám theo yêu cầu) để không mất thời gian làm thủ tục khám, được phát thẻ ưu tiên, không phải chờ khám.\n-   Có thể lựa chọn bác sĩ là Trưởng khoa, Phó khoa thăm khám cho mình.\n\n_Nhược điểm_\n\n-   Rất đông bệnh nhân đến khám, đặc biệt vào đầu giờ sáng nên mất nhiều thời gian chờ đợi.\n-   Chỉ khám trong giờ hành chính từ thứ 2 đến thứ 6, kể cả Khoa Khám theo yêu cầu.\n-   Chưa có áp dụng bảo lãnh trực tiếp bảo hiểm y tế tư nhân.\n\n_Một số bác sĩ Nội Thần kinh giỏi tại bệnh viện:_\n\n-   Ts.Bs. Nguyễn Anh Tuấn, Trưởng khoa Nội - Hồi sức thần kinh, Bệnh viện Việt Đức\n-   Ths.Bs. Phạm Văn Tuấn, Bác sĩ khoa Nội - Hồi sức thần kinh, Bệnh viện Việt Đức\n\n_Kinh nghiệm đi khám_\n\nNgười bệnh có thể khám đau dây thần kinh số 5 với bác sĩ Nội Thần kinh tại Việt Đức bằng cách:\n\n-   Đến khoa Khám bệnh, Tầng 1, nhà C4, cổng số 16-18 Phủ Doãn, Hoàn Kiếm, Hà Nội.\n-   Khoa Khám theo yêu cầu, Tầng 1, nhà C4, cổng số 16-18 Phủ Doãn, Hoàn Kiếm, Hà Nội.\n-   Đăng kí khám trước qua tổng đài của bệnh viện hoặc trực tuyến qua BookingCare.\n\nNếu đến khám trực tiếp hoặc đăng kí qua điện thoại, người bệnh cần nói rõ là đăng kí khám đau dây thần kinh số 5 với bác sĩ Nội Thần kinh (vì bệnh viện có cả chuyên khoa Nội và Ngoại). Ngoài ra, nên đi khám sau 9h sáng để đỡ đông bệnh nhân hơn.\n\nBệnh viện Việt Đức có nhiều cổng, người bệnh cần tìm đúng cổng số 16-18 Phủ Doãn, Khu đăng kí khám sẽ nằm ngay bên tay trái cổng này.\n\n![](https://bookingcare.vn/files/image/2019/10/23/174953khu-dang-ki-kham-bv-viet-duc.jpg)\n\nQuầy đăng kí khám tại Bệnh viện Việt Đức, bên phải là đăng kí khám thường, bên trái là đăng kí khám dịch vụ - Ảnh: BookingCare\n\n### **2. Khoa Thần kinh, Bệnh viện Bạch Mai**\n\n-   Địa chỉ: Số 78 Giải Phóng – Đống Đa – Hà Nội\n-   Thời gian: 7h30 - 16h30, thứ 2 - thứ 6; 7h30 - 11h30, thứ 7 và Chủ Nhật.\n\nBệnh viện Bạch Mai là bệnh viện đa khoa đầu ngành của cả nước, có thế mạnh trong điều trị nội khoa, đặc biệt là các bệnh nội khoa thần kinh. Khi đến khám với bác sĩ Khoa Thần kinh của Bệnh viện Bạch Mai, người bệnh có thể nhận thấy những ưu và nhược điểm sau:\n\n_Ưu điểm_\n\n-   Đội ngũ [bác sĩ, chuyên gia đầu ngành](https://bookingcare.vn/cam-nang/7-bac-si-than-kinh-gioi-va-nhieu-kinh-nghiem-o-ha-noi-p32.html), giảng dạy cho nhiều thế hệ bác sĩ thần kinh trên cả nước.\n-   Có thể đến khám vào cuối tuần, theo lịch làm việc của các khoa khám.\n-   Hệ thống trang thiết bị thăm dò chức năng thần kinh như máy điện não, điện não vi tính, điện cơ, chụp cắt lớp vi tính (CT Scan),chụp cộng hưởng từ (MRI),chụp mạch máu não (DSA)....\n-   Là nơi đi đầu trong cập nhật và ứng dụng các kỹ thuật khám và điều trị nội khoa thần kinh mới.\n-   Thủ tục đăng kí và nộp phí khám được rút gọn, giảm thiểu thời gian chờ cho người bệnh.\n-   Có thể đăng kí khám chọn bác sĩ tại Khu khám theo yêu cầu và tại Khoa Thần kinh, tuy nhiên chi phí khám sẽ cao hơn khám theo yêu cầu bình thường.\n\n_Nhược điểm_\n\n-   Lượng bệnh nhân rất đông, tạo cảm giác ngột ngạt.\n-   Mặc dù đã được tối ưu một số khâu đăng kí và tiếp đón, tuy nhiên do quá đông nên thời gian chờ khám tương đối lâu.\n-   Khuôn viên bệnh viện rộng, nên sẽ khó khăn cho người bệnh khi tìm đến Khoa Thần kinh.\n-   Chưa có dịch vụ đăng kí khám trước.\n-   Chưa áp dụng bảo lãnh trực tiếp bảo hiểm y tế tư nhân.\n\n_Một số bác sĩ Nội Thần kinh giỏi_\n\n-   PGs.Ts.Nguyễn Văn Liệu, Phó Trưởng khoa Thần kinh, Bệnh viện Bạch Mai\n-   Ts.Bs. Nguyễn Văn Tuấn, Trưởng phòng Thần kinh chung, Bệnh viện Bạch Mai\n\n_Kinh nghiệm đi khám_\n\nNgười bệnh đăng kí khám đau dây thần kinh số 5 tại:\n\n-   Khoa Khám bệnh, Tòa nhà 4 tầng màu vàng bên phải cổng chính, có thể đăng kí khám từ thứ 2 đến thứ 7.\n-   Khoa Khám theo yêu cầu, Tầng 1 tòa nhà bên tay phải cổng chính, ngay sát bên Khoa Khám bệnh, có thể đăng kí từ Chủ Nhật đến thứ 6 (thứ 7 không khám).\n-   Khoa Thần kinh, Tòa nhà T1, T2, T3, Bệnh viện Bạch Mai, đăng kí khám cả ngày từ thứ 2 đến thứ 6 và sáng thứ 7, Chủ Nhật.\n\n![](https://bookingcare.vn/files/image/2019/10/26/101941khoa-than-kinh-bach-mai1.jpg)\n\nLối vào quầy đăng kí khám tại Khoa Thần kinh, Bệnh viện Bạch Mai - Ảnh: BookingCare\n\n### **3. Bệnh viện Lão khoa Trung ương**\n\n-   Địa chỉ: Số 1A Phương Mai, quận Đống Đa, Hà Nội\n-   Thời gian: 7h30 - 16h30, thứ 2 - thứ 6. Vào thứ 7 thi thoảng sẽ có lịch bác sĩ khám nhưng không cố định và không chắc chắn.\n\nBệnh viện Lão khoa Trung ương là bệnh viện chuyên khoa tuyến Trung ương, đầu ngành trong chăm sóc sức khỏe người cao tuổi và trung tuổi tại Việt Nam, có địa chỉ tại số 1A Phương Mai, Đống Đa, Hà Nội, gần các bệnh viện lớn như Bệnh viện Bạch Mai, Bệnh viện Việt Pháp, Bệnh viện Da liễu Trung ương.\n\n_Ưu điểm_\n\n-   Bác sĩ giỏi, có nhiều kinh nghiệm  trong khám chữa bệnh Nội Thần kinh cho người lớn tuổi.\n-   Trang thiết bị đầy đủ để thăm khám nội khoa đau dây thần kinh số 5: Xquang kỹ thuật số, cộng hưởng từ, cắt lớp vi tính (CT Scan),....\n-   Không quá đông bệnh nhân và có khu vực đăng kí khám riêng dành cho người cao tuổi, vì vậy thời gian chờ khám cũng được giảm thiểu.\n-   Có thể đăng kí khám trước qua tổng đài của bệnh viện kể cả khu vực khám thường và khám theo yêu cầu.\n-   Có thể đăng kí khám trực tuyến qua BookingCare tại Khoa khám theo yêu cầu để không phải chờ đăng kí khám, tiết kiệm thời gian khi đi khám.\n\n_Nhược điểm_\n\n-   Chỉ khám vào các ngày trong tuần, trong giờ hành chính.\n-   Chưa áp dụng bảo lãnh bảo hiểm y tế tư nhân.\n-   Tổng đài đặt khám của bệnh viện chỉ trực giờ hành chính.\n\n_Một số bác sĩ Nội Thần kinh giỏi_\n\n-   PGs.Ts. Phạm Văn Tuấn, Nguyên Trưởng khoa Tâm Thần kinh, Bệnh viện Lão khoa Trung ương\n-   PGs.Ts. Nguyễn Thanh Bình, Trưởng khoa Thần kinh và Alzheimer, Bệnh viện Lão khoa Trung ương\n\n_Kinh nghiệm đi khám_\n\nNgười bệnh đau dây thần kinh số 5 đăng kí khám tại Bệnh viện Lão khoa Trung ương bằng cách sau:\n\n-   Đến trực tiếp bệnh viện đăng kí khám tại Khoa Khám bệnh (Tầng 1) hoặc Khoa Khám theo yêu cầu (Tầng 2).\n-   Đăng kí trước qua tổng đài bệnh viện từ thứ 2 - thứ 6 trong giờ hành chính.\n-   Đăng kí khám trực tuyến qua BookingCare với bác sĩ tại Khoa Khám theo yêu cầu.\n\n![](https://bookingcare.vn/files/image/2019/10/23/180151khoa-kham-benh-lao-khoa1.jpg)\n\nQuầy đăng kí khám tại Tầng 1, Khoa Khám bệnh, Bệnh viện Lão khoa Trung ương - Ảnh: BookingCare', '<h1 id=\"khmchaaudythnkinhs5utthni\">Khám chữa đau dây thần kinh số 5 ở đâu tốt Hà Nội?</h1>\n<p>Tuy bệnh không làm ảnh hưởng đến tính mạng, nhưng điều trị muộn sẽ dấn đến những hệ quả xấu như: gây đau đớn, khó khăn khi ăn uống, làm suy giảm chất lượng cuộc sống.</p>\n<p>Đau dây thần kinh số V không chữa trị dứt điểm có thể gây ra hệ quả lâu dài.</p>\n<p>Đau dây thần kinh số 5 là một loại đau rất đặc thù. Đau thường xảy ra đột ngột và ngắn không quá một phút. Bệnh nhân bị đau một bên, cũng có một số rất ít đau dây V hai bên. Những trường hợp đau hai bên không phải xuất hiện cùng một lúc mà đau một bên trong một thời gian dài rồi sau đó mới xuất hiện phía đối bên.</p>\n<p>Đau dây số 5 là một bệnh lý hay gặp chủ yếu ở nữ trên 50 tuổi, tăng dần theo tuổi. Tỷ lệ mắc mới khoảng 20 ca/100.000 dân/năm.</p>\n<p>Bệnh gây ra bởi nhiễm khuẩn, các khối u như u màng não, u nang thượng bì, u tuyến yên, u ác tính di căn,… hoặc bởi nguyên nhân thứ phát do do ung thư vòm họng, áp-xe răng, sâu răng, viêm mống mắt, viêm xoang….</p>\n<p>Tuy bệnh không làm ảnh hưởng đến tính mạng, nhưng điều trị muộn sẽ dấn đến những hệ quả xấu như: gây đau đớn, khó khăn khi ăn uống, làm suy giảm chất lượng cuộc sống.</p>\n<h2 id=\"khmchaaudythnkinhs5utthni-1\">Khám chữa đau dây thần kinh số 5 ở đâu tốt Hà Nội?</h2>\n<p>Thông thường, khi gặp phải tình trạng đau dây thần kinh số 5, các bác sĩ chuyên khoa  sẽ cho điều trị nội khoa trong thời gian đầu để làm giảm các cơn đau. Sau khi điều trị một thời gian, khoảng 75% bệnh nhân không còn thấy giảm đau khi điều trị thuốc sẽ được điều trị ngoại khoa.</p>\n<p>Điều trị ngoại khoa được áp dụng khi điều trị nội khoa thất bại. Điều trị ngoại khoa đau dây thần kinh số 5 chủ yếu là các can thiệp vi phẫu, không quá phức tạp. Tùy thuộc và độ tuổi và tình trạng sức khỏe, người bệnh sẽ được bác sĩ tư vấn sử dụng phương pháp nào để điều trị hiệu quả.</p>\n<p>Như vậy, với đau dây thần kinh số 5, người bệnh có thể lựa chọn điều trị nội thần kinh trước, sau đó nếu cần can thiệp ngoại khoa, bác sĩ điều trị sẽ tư vấn để có phương pháp phù hợp. Vì vậy, người bệnh cần lựa chọn những cơ sở y tế uy tín để được tư vấn từ các chuyên gia, bác sĩ Thần kinh nhiều kinh nghiệm.</p>\n<p><strong>Khám chuyên khoa Nội Thần kinh</strong></p>\n<h3 id=\"1khoanihiscthnkinhbnhvinhunghvitc\"><strong>1. Khoa Nội - Hồi sức thần kinh, Bệnh viện Hữu nghị Việt Đức</strong></h3>\n<ul>\n<li>Địa chỉ: số 16-18 Phủ Doãn, Hoàn Kiếm, Hà Nội</li>\n<li>Thời gian: 7h30 - 16h30, thứ 2 - thứ 6</li>\n</ul>\n<p>Khi nhắc đến Việt Đức, đa phần người bệnh nghĩ rằng đây là một bệnh viện chuyên sâu về ngoại khoa, ít ai biết tại đây vẫn khám và điều trị cả nội khoa, trong đó có nội khoa thần kinh.</p>\n<p><em>Ưu điểm</em></p>\n<ul>\n<li>Có cả chuyên khoa Nội và Ngoại Thần kinh, thuận tiện cho người bệnh khám chữa trong trường hợp cần can thiệp ngoại khoa mà không phải chuyển viện.</li>\n<li>Thông tin bác sĩ được cập nhật trên trang web của bệnh viện và trên hệ thống BookingCare, người bệnh có thể thuận tiện tra cứu.</li>\n<li>Hệ thống trang thiết bị đầy đủ, hỗ trợ tối đa cho người bệnh: Máy chụp cộng hưởng từ, máy chụp CT, điện não, điện cơ,….</li>\n<li>Có thể đặt khám trước, chọn bác sĩ khám qua tổng đài bệnh viện hoặc qua BookingCare (tại khu khám theo yêu cầu) để không mất thời gian làm thủ tục khám, được phát thẻ ưu tiên, không phải chờ khám.</li>\n<li>Có thể lựa chọn bác sĩ là Trưởng khoa, Phó khoa thăm khám cho mình.</li>\n</ul>\n<p><em>Nhược điểm</em></p>\n<ul>\n<li>Rất đông bệnh nhân đến khám, đặc biệt vào đầu giờ sáng nên mất nhiều thời gian chờ đợi.</li>\n<li>Chỉ khám trong giờ hành chính từ thứ 2 đến thứ 6, kể cả Khoa Khám theo yêu cầu.</li>\n<li>Chưa có áp dụng bảo lãnh trực tiếp bảo hiểm y tế tư nhân.</li>\n</ul>\n<p><em>Một số bác sĩ Nội Thần kinh giỏi tại bệnh viện:</em></p>\n<ul>\n<li>Ts.Bs. Nguyễn Anh Tuấn, Trưởng khoa Nội - Hồi sức thần kinh, Bệnh viện Việt Đức</li>\n<li>Ths.Bs. Phạm Văn Tuấn, Bác sĩ khoa Nội - Hồi sức thần kinh, Bệnh viện Việt Đức</li>\n</ul>\n<p><em>Kinh nghiệm đi khám</em></p>\n<p>Người bệnh có thể khám đau dây thần kinh số 5 với bác sĩ Nội Thần kinh tại Việt Đức bằng cách:</p>\n<ul>\n<li>Đến khoa Khám bệnh, Tầng 1, nhà C4, cổng số 16-18 Phủ Doãn, Hoàn Kiếm, Hà Nội.</li>\n<li>Khoa Khám theo yêu cầu, Tầng 1, nhà C4, cổng số 16-18 Phủ Doãn, Hoàn Kiếm, Hà Nội.</li>\n<li>Đăng kí khám trước qua tổng đài của bệnh viện hoặc trực tuyến qua BookingCare.</li>\n</ul>\n<p>Nếu đến khám trực tiếp hoặc đăng kí qua điện thoại, người bệnh cần nói rõ là đăng kí khám đau dây thần kinh số 5 với bác sĩ Nội Thần kinh (vì bệnh viện có cả chuyên khoa Nội và Ngoại). Ngoài ra, nên đi khám sau 9h sáng để đỡ đông bệnh nhân hơn.</p>\n<p>Bệnh viện Việt Đức có nhiều cổng, người bệnh cần tìm đúng cổng số 16-18 Phủ Doãn, Khu đăng kí khám sẽ nằm ngay bên tay trái cổng này.</p>\n<p><img src=\"https://bookingcare.vn/files/image/2019/10/23/174953khu-dang-ki-kham-bv-viet-duc.jpg\" alt=\"\" /></p>\n<p>Quầy đăng kí khám tại Bệnh viện Việt Đức, bên phải là đăng kí khám thường, bên trái là đăng kí khám dịch vụ - Ảnh: BookingCare</p>\n<h3 id=\"2khoathnkinhbnhvinbchmai\"><strong>2. Khoa Thần kinh, Bệnh viện Bạch Mai</strong></h3>\n<ul>\n<li>Địa chỉ: Số 78 Giải Phóng – Đống Đa – Hà Nội</li>\n<li>Thời gian: 7h30 - 16h30, thứ 2 - thứ 6; 7h30 - 11h30, thứ 7 và Chủ Nhật.</li>\n</ul>\n<p>Bệnh viện Bạch Mai là bệnh viện đa khoa đầu ngành của cả nước, có thế mạnh trong điều trị nội khoa, đặc biệt là các bệnh nội khoa thần kinh. Khi đến khám với bác sĩ Khoa Thần kinh của Bệnh viện Bạch Mai, người bệnh có thể nhận thấy những ưu và nhược điểm sau:</p>\n<p><em>Ưu điểm</em></p>\n<ul>\n<li>Đội ngũ <a href=\"https://bookingcare.vn/cam-nang/7-bac-si-than-kinh-gioi-va-nhieu-kinh-nghiem-o-ha-noi-p32.html\">bác sĩ, chuyên gia đầu ngành</a>, giảng dạy cho nhiều thế hệ bác sĩ thần kinh trên cả nước.</li>\n<li>Có thể đến khám vào cuối tuần, theo lịch làm việc của các khoa khám.</li>\n<li>Hệ thống trang thiết bị thăm dò chức năng thần kinh như máy điện não, điện não vi tính, điện cơ, chụp cắt lớp vi tính (CT Scan),chụp cộng hưởng từ (MRI),chụp mạch máu não (DSA)….</li>\n<li>Là nơi đi đầu trong cập nhật và ứng dụng các kỹ thuật khám và điều trị nội khoa thần kinh mới.</li>\n<li>Thủ tục đăng kí và nộp phí khám được rút gọn, giảm thiểu thời gian chờ cho người bệnh.</li>\n<li>Có thể đăng kí khám chọn bác sĩ tại Khu khám theo yêu cầu và tại Khoa Thần kinh, tuy nhiên chi phí khám sẽ cao hơn khám theo yêu cầu bình thường.</li>\n</ul>\n<p><em>Nhược điểm</em></p>\n<ul>\n<li>Lượng bệnh nhân rất đông, tạo cảm giác ngột ngạt.</li>\n<li>Mặc dù đã được tối ưu một số khâu đăng kí và tiếp đón, tuy nhiên do quá đông nên thời gian chờ khám tương đối lâu.</li>\n<li>Khuôn viên bệnh viện rộng, nên sẽ khó khăn cho người bệnh khi tìm đến Khoa Thần kinh.</li>\n<li>Chưa có dịch vụ đăng kí khám trước.</li>\n<li>Chưa áp dụng bảo lãnh trực tiếp bảo hiểm y tế tư nhân.</li>\n</ul>\n<p><em>Một số bác sĩ Nội Thần kinh giỏi</em></p>\n<ul>\n<li>PGs.Ts.Nguyễn Văn Liệu, Phó Trưởng khoa Thần kinh, Bệnh viện Bạch Mai</li>\n<li>Ts.Bs. Nguyễn Văn Tuấn, Trưởng phòng Thần kinh chung, Bệnh viện Bạch Mai</li>\n</ul>\n<p><em>Kinh nghiệm đi khám</em></p>\n<p>Người bệnh đăng kí khám đau dây thần kinh số 5 tại:</p>\n<ul>\n<li>Khoa Khám bệnh, Tòa nhà 4 tầng màu vàng bên phải cổng chính, có thể đăng kí khám từ thứ 2 đến thứ 7.</li>\n<li>Khoa Khám theo yêu cầu, Tầng 1 tòa nhà bên tay phải cổng chính, ngay sát bên Khoa Khám bệnh, có thể đăng kí từ Chủ Nhật đến thứ 6 (thứ 7 không khám).</li>\n<li>Khoa Thần kinh, Tòa nhà T1, T2, T3, Bệnh viện Bạch Mai, đăng kí khám cả ngày từ thứ 2 đến thứ 6 và sáng thứ 7, Chủ Nhật.</li>\n</ul>\n<p><img src=\"https://bookingcare.vn/files/image/2019/10/26/101941khoa-than-kinh-bach-mai1.jpg\" alt=\"\" /></p>\n<p>Lối vào quầy đăng kí khám tại Khoa Thần kinh, Bệnh viện Bạch Mai - Ảnh: BookingCare</p>\n<h3 id=\"3bnhvinlokhoatrungng\"><strong>3. Bệnh viện Lão khoa Trung ương</strong></h3>\n<ul>\n<li>Địa chỉ: Số 1A Phương Mai, quận Đống Đa, Hà Nội</li>\n<li>Thời gian: 7h30 - 16h30, thứ 2 - thứ 6. Vào thứ 7 thi thoảng sẽ có lịch bác sĩ khám nhưng không cố định và không chắc chắn.</li>\n</ul>\n<p>Bệnh viện Lão khoa Trung ương là bệnh viện chuyên khoa tuyến Trung ương, đầu ngành trong chăm sóc sức khỏe người cao tuổi và trung tuổi tại Việt Nam, có địa chỉ tại số 1A Phương Mai, Đống Đa, Hà Nội, gần các bệnh viện lớn như Bệnh viện Bạch Mai, Bệnh viện Việt Pháp, Bệnh viện Da liễu Trung ương.</p>\n<p><em>Ưu điểm</em></p>\n<ul>\n<li>Bác sĩ giỏi, có nhiều kinh nghiệm  trong khám chữa bệnh Nội Thần kinh cho người lớn tuổi.</li>\n<li>Trang thiết bị đầy đủ để thăm khám nội khoa đau dây thần kinh số 5: Xquang kỹ thuật số, cộng hưởng từ, cắt lớp vi tính (CT Scan),….</li>\n<li>Không quá đông bệnh nhân và có khu vực đăng kí khám riêng dành cho người cao tuổi, vì vậy thời gian chờ khám cũng được giảm thiểu.</li>\n<li>Có thể đăng kí khám trước qua tổng đài của bệnh viện kể cả khu vực khám thường và khám theo yêu cầu.</li>\n<li>Có thể đăng kí khám trực tuyến qua BookingCare tại Khoa khám theo yêu cầu để không phải chờ đăng kí khám, tiết kiệm thời gian khi đi khám.</li>\n</ul>\n<p><em>Nhược điểm</em></p>\n<ul>\n<li>Chỉ khám vào các ngày trong tuần, trong giờ hành chính.</li>\n<li>Chưa áp dụng bảo lãnh bảo hiểm y tế tư nhân.</li>\n<li>Tổng đài đặt khám của bệnh viện chỉ trực giờ hành chính.</li>\n</ul>\n<p><em>Một số bác sĩ Nội Thần kinh giỏi</em></p>\n<ul>\n<li>PGs.Ts. Phạm Văn Tuấn, Nguyên Trưởng khoa Tâm Thần kinh, Bệnh viện Lão khoa Trung ương</li>\n<li>PGs.Ts. Nguyễn Thanh Bình, Trưởng khoa Thần kinh và Alzheimer, Bệnh viện Lão khoa Trung ương</li>\n</ul>\n<p><em>Kinh nghiệm đi khám</em></p>\n<p>Người bệnh đau dây thần kinh số 5 đăng kí khám tại Bệnh viện Lão khoa Trung ương bằng cách sau:</p>\n<ul>\n<li>Đến trực tiếp bệnh viện đăng kí khám tại Khoa Khám bệnh (Tầng 1) hoặc Khoa Khám theo yêu cầu (Tầng 2).</li>\n<li>Đăng kí trước qua tổng đài bệnh viện từ thứ 2 - thứ 6 trong giờ hành chính.</li>\n<li>Đăng kí khám trực tuyến qua BookingCare với bác sĩ tại Khoa Khám theo yêu cầu.</li>\n</ul>\n<p><img src=\"https://bookingcare.vn/files/image/2019/10/23/180151khoa-kham-benh-lao-khoa1.jpg\" alt=\"\" /></p>\n<p>Quầy đăng kí khám tại Tầng 1, Khoa Khám bệnh, Bệnh viện Lão khoa Trung ương - Ảnh: BookingCare</p>', -1, -1, -1, 3, NULL, '2020-04-01 02:39:26', '2020-04-01 02:39:26', NULL, NULL);

-- --------------------------------------------------------

--
-- Table structure for table `roles`
--

CREATE TABLE `roles` (
  `id` int(11) NOT NULL,
  `name` varchar(255) COLLATE utf8mb4_unicode_ci DEFAULT NULL,
  `createdAt` datetime NOT NULL,
  `updatedAt` datetime DEFAULT NULL,
  `deletedAt` datetime DEFAULT NULL
) ENGINE=InnoDB DEFAULT CHARSET=utf8mb4 COLLATE=utf8mb4_unicode_ci;

--
-- Dumping data for table `roles`
--

INSERT INTO `roles` (`id`, `name`, `createdAt`, `updatedAt`, `deletedAt`) VALUES
(1, 'ADMIN', '2020-03-16 10:11:17', '2020-03-16 10:11:17', NULL),
(2, 'DOCTOR', '2020-03-16 10:11:17', '2020-03-16 10:11:17', NULL),
(3, 'SUPPORTER', '2020-03-16 10:11:17', '2020-03-16 10:11:17', NULL);

-- --------------------------------------------------------

--
-- Table structure for table `schedules`
--

CREATE TABLE `schedules` (
  `id` int(11) NOT NULL,
  `doctorId` int(11) NOT NULL,
  `date` varchar(255) COLLATE utf8mb4_unicode_ci DEFAULT NULL,
  `time` varchar(255) COLLATE utf8mb4_unicode_ci DEFAULT NULL,
  `maxBooking` varchar(255) COLLATE utf8mb4_unicode_ci DEFAULT NULL,
  `sumBooking` varchar(255) COLLATE utf8mb4_unicode_ci DEFAULT NULL,
  `createdAt` datetime NOT NULL,
  `updatedAt` datetime DEFAULT NULL,
  `deletedAt` datetime DEFAULT NULL
) ENGINE=InnoDB DEFAULT CHARSET=utf8mb4 COLLATE=utf8mb4_unicode_ci;

--
-- Dumping data for table `schedules`
--

INSERT INTO `schedules` (`id`, `doctorId`, `date`, `time`, `maxBooking`, `sumBooking`, `createdAt`, `updatedAt`, `deletedAt`) VALUES
(33, 4, '29/03/2020', '08:00 - 09:00', '5', '0', '2020-03-29 03:42:17', '2020-03-29 03:42:17', NULL),
(34, 4, '31/03/2020', '08:00 - 09:00', '5', '0', '2020-03-29 03:42:17', '2020-03-29 03:42:17', NULL),
(35, 4, '29/03/2020', '09:00 - 10:00', '5', '0', '2020-03-29 03:42:17', '2020-03-29 03:42:17', NULL),
(36, 4, '30/03/2020', '09:00 - 10:00', '5', '0', '2020-03-29 03:42:17', '2020-03-29 03:42:17', NULL),
(37, 4, '30/03/2020', '08:00 - 09:00', '5', '0', '2020-03-29 03:42:17', '2020-03-29 03:42:17', NULL),
(38, 4, '31/03/2020', '09:00 - 10:00', '5', '0', '2020-03-29 03:42:17', '2020-03-29 03:42:17', NULL),
(39, 4, '30/03/2020', '10:00 - 11:00', '5', '0', '2020-03-29 03:42:17', '2020-03-29 03:42:17', NULL),
(40, 4, '31/03/2020', '10:00 - 11:00', '5', '0', '2020-03-29 03:42:17', '2020-03-29 03:42:17', NULL),
(41, 4, '29/03/2020', '11:00 - 12:00', '5', '0', '2020-03-29 03:42:17', '2020-03-29 03:42:17', NULL),
(42, 4, '30/03/2020', '11:00 - 12:00', '5', '0', '2020-03-29 03:42:17', '2020-03-29 03:42:17', NULL),
(43, 4, '31/03/2020', '11:00 - 12:00', '5', '0', '2020-03-29 03:42:17', '2020-03-29 03:42:17', NULL),
(44, 4, '29/03/2020', '13:00 - 14:00', '5', '0', '2020-03-29 03:42:17', '2020-03-29 03:42:17', NULL),
(45, 4, '30/03/2020', '13:00 - 14:00', '5', '0', '2020-03-29 03:42:17', '2020-03-29 03:42:17', NULL),
(46, 4, '31/03/2020', '13:00 - 14:00', '5', '0', '2020-03-29 03:42:17', '2020-03-29 03:42:17', NULL),
(47, 4, '29/03/2020', '10:00 - 11:00', '5', '0', '2020-03-29 03:42:17', '2020-03-29 03:42:17', NULL),
(48, 4, '29/03/2020', '14:00 - 15:00', '5', '0', '2020-03-29 03:42:17', '2020-03-29 03:42:17', NULL),
(49, 4, '30/03/2020', '14:00 - 15:00', '5', '0', '2020-03-29 03:42:17', '2020-03-29 03:42:17', NULL),
(50, 4, '31/03/2020', '14:00 - 15:00', '5', '0', '2020-03-29 03:42:17', '2020-03-29 03:42:17', NULL),
(51, 4, '29/03/2020', '15:00 - 16:00', '5', '0', '2020-03-29 03:42:17', '2020-03-29 03:42:17', NULL),
(52, 4, '30/03/2020', '15:00 - 16:00', '5', '0', '2020-03-29 03:42:17', '2020-03-29 03:42:17', NULL),
(53, 4, '31/03/2020', '15:00 - 16:00', '5', '0', '2020-03-29 03:42:17', '2020-03-29 03:42:17', NULL),
(54, 4, '29/03/2020', '16:00 - 17:00', '5', '0', '2020-03-29 03:42:17', '2020-03-29 03:42:17', NULL),
(55, 4, '30/03/2020', '16:00 - 17:00', '5', '0', '2020-03-29 03:42:17', '2020-03-29 03:42:17', NULL),
(56, 4, '31/03/2020', '16:00 - 17:00', '5', '0', '2020-03-29 03:42:17', '2020-03-29 03:42:17', NULL),
(57, 4, '01/04/2020', '08:00 - 09:00', '5', '0', '2020-03-30 15:39:52', '2020-03-30 15:39:52', NULL),
(58, 4, '01/04/2020', '10:00 - 11:00', '5', '0', '2020-03-30 15:39:52', '2020-03-30 15:39:52', NULL),
(59, 4, '01/04/2020', '09:00 - 10:00', '5', '0', '2020-03-30 15:39:52', '2020-03-30 15:39:52', NULL),
(60, 4, '01/04/2020', '11:00 - 12:00', '5', '0', '2020-03-30 15:39:52', '2020-03-30 15:39:52', NULL),
(61, 4, '01/04/2020', '13:00 - 14:00', '5', '0', '2020-03-30 15:39:52', '2020-03-30 15:39:52', NULL),
(62, 4, '01/04/2020', '15:00 - 16:00', '5', '0', '2020-03-30 15:39:52', '2020-03-30 15:39:52', NULL),
(63, 4, '01/04/2020', '16:00 - 17:00', '5', '0', '2020-03-30 15:39:52', '2020-03-30 15:39:52', NULL),
(64, 4, '02/04/2020', '08:00 - 09:00', '5', '0', '2020-03-31 01:12:31', '2020-03-31 01:12:31', NULL),
(65, 4, '03/04/2020', '08:00 - 09:00', '5', '0', '2020-03-31 01:12:31', '2020-03-31 01:12:31', NULL),
(66, 4, '02/04/2020', '15:00 - 16:00', '5', '0', '2020-03-31 01:12:31', '2020-03-31 01:12:31', NULL),
(67, 4, '03/04/2020', '15:00 - 16:00', '5', '0', '2020-03-31 01:12:31', '2020-03-31 01:12:31', NULL),
(68, 4, '02/04/2020', '16:00 - 17:00', '5', '0', '2020-03-31 01:12:31', '2020-03-31 01:12:31', NULL),
(69, 4, '03/04/2020', '16:00 - 17:00', '5', '0', '2020-03-31 01:12:31', '2020-03-31 01:12:31', NULL),
(70, 4, '06/04/2020', '08:00 - 09:00', '5', '0', '2020-04-06 06:58:37', '2020-04-06 06:58:37', NULL),
(71, 4, '06/04/2020', '10:00 - 11:00', '5', '0', '2020-04-06 06:58:37', '2020-04-06 06:58:37', NULL),
(72, 4, '06/04/2020', '09:00 - 10:00', '5', '0', '2020-04-06 06:58:37', '2020-04-06 06:58:37', NULL),
(73, 4, '06/04/2020', '11:00 - 12:00', '5', '0', '2020-04-06 06:58:37', '2020-04-06 06:58:37', NULL),
(74, 4, '06/04/2020', '13:00 - 14:00', '5', '0', '2020-04-06 06:58:37', '2020-04-06 06:58:37', NULL),
(75, 4, '06/04/2020', '14:00 - 15:00', '5', '0', '2020-04-06 06:58:37', '2020-04-06 06:58:37', NULL),
(76, 4, '06/04/2020', '15:00 - 16:00', '5', '0', '2020-04-06 06:58:37', '2020-04-06 06:58:37', NULL),
(77, 4, '06/04/2020', '16:00 - 17:00', '5', '0', '2020-04-06 06:58:37', '2020-04-06 06:58:37', NULL),
(79, 4, '07/04/2020', '08:00 - 09:00', '5', '0', '2020-04-06 06:58:43', '2020-04-06 06:58:43', NULL),
(81, 4, '07/04/2020', '09:00 - 10:00', '5', '0', '2020-04-06 06:58:43', '2020-04-06 06:58:43', NULL),
(87, 4, '07/04/2020', '15:00 - 16:00', '5', '0', '2020-04-06 06:58:43', '2020-04-06 06:58:43', NULL),
(89, 4, '07/04/2020', '16:00 - 17:00', '5', '0', '2020-04-06 06:58:43', '2020-04-06 06:58:43', NULL),
(91, 4, '07/04/2020', '08:00 - 09:00', '5', '0', '2020-04-06 06:58:49', '2020-04-06 06:58:49', NULL),
(93, 4, '07/04/2020', '09:00 - 10:00', '5', '0', '2020-04-06 06:58:49', '2020-04-06 06:58:49', NULL),
(95, 4, '08/04/2020', '10:00 - 11:00', '5', '0', '2020-04-06 06:58:49', '2020-04-06 06:58:49', NULL),
(97, 4, '08/04/2020', '11:00 - 12:00', '5', '0', '2020-04-06 06:58:49', '2020-04-06 06:58:49', NULL),
(99, 4, '08/04/2020', '13:00 - 14:00', '5', '0', '2020-04-06 06:58:49', '2020-04-06 06:58:49', NULL),
(101, 4, '08/04/2020', '14:00 - 15:00', '5', '0', '2020-04-06 06:58:49', '2020-04-06 06:58:49', NULL),
(103, 4, '07/04/2020', '15:00 - 16:00', '5', '0', '2020-04-06 06:58:49', '2020-04-06 06:58:49', NULL),
(104, 4, '08/04/2020', '15:00 - 16:00', '5', '0', '2020-04-06 06:58:49', '2020-04-06 06:58:49', NULL),
(106, 4, '07/04/2020', '16:00 - 17:00', '5', '0', '2020-04-06 06:58:49', '2020-04-06 06:58:49', NULL);

-- --------------------------------------------------------

--
-- Table structure for table `sequelizemeta`
--

CREATE TABLE `sequelizemeta` (
  `name` varchar(255) COLLATE utf8_unicode_ci NOT NULL
) ENGINE=InnoDB DEFAULT CHARSET=utf8 COLLATE=utf8_unicode_ci;

--
-- Dumping data for table `sequelizemeta`
--

INSERT INTO `sequelizemeta` (`name`) VALUES
('20200311024259-users.js'),
('20200311025445-create-role.js'),
('20200311025458-create-appointment.js'),
('20200311025538-create-post.js'),
('20200311025553-create-clinic.js'),
('20200311025604-create-specialization.js'),
('20200311025619-create-schedule.js'),
('20200311025632-create-status.js'),
('20200311025648-create-patient.js'),
('migration-add-new-column-posts-table.js'),
('migration-create-doctor-user.js'),
('migration-create-extraInfo.js'),
('migration-create-place.js');

-- --------------------------------------------------------

--
-- Table structure for table `session`
--

CREATE TABLE `session` (
  `sid` varchar(36) COLLATE utf8mb4_unicode_ci NOT NULL,
  `expires` datetime DEFAULT NULL,
  `data` text COLLATE utf8mb4_unicode_ci DEFAULT NULL,
  `createdAt` datetime NOT NULL,
  `updatedAt` datetime NOT NULL
) ENGINE=InnoDB DEFAULT CHARSET=utf8mb4 COLLATE=utf8mb4_unicode_ci;

--
-- Dumping data for table `session`
--

INSERT INTO `session` (`sid`, `expires`, `data`, `createdAt`, `updatedAt`) VALUES
('OKD8ZYNePGjur_jBgUAxi8P0kdlzpfuA', '2020-04-08 07:43:31', '{\"cookie\":{\"originalMaxAge\":86399990,\"expires\":\"2020-04-08T07:43:31.908Z\",\"httpOnly\":true,\"path\":\"/\"},\"flash\":{},\"passport\":{\"user\":4}}', '2020-04-06 06:58:19', '2020-04-07 07:43:31'),
('ph2slSHU4uIRqB1h7UdNTzvl58qiuW-Q', '2020-04-08 14:31:16', '{\"cookie\":{\"originalMaxAge\":86400000,\"expires\":\"2020-04-08T14:31:16.035Z\",\"httpOnly\":true,\"path\":\"/\"},\"flash\":{},\"passport\":{\"user\":5}}', '2020-04-07 14:15:49', '2020-04-07 14:31:16');

-- --------------------------------------------------------

--
-- Table structure for table `specializations`
--

CREATE TABLE `specializations` (
  `id` int(11) NOT NULL,
  `name` varchar(255) COLLATE utf8mb4_unicode_ci DEFAULT NULL,
  `description` text COLLATE utf8mb4_unicode_ci DEFAULT NULL,
  `image` varchar(255) COLLATE utf8mb4_unicode_ci DEFAULT NULL,
  `createdAt` datetime NOT NULL,
  `updatedAt` datetime DEFAULT NULL,
  `deletedAt` datetime DEFAULT NULL
) ENGINE=InnoDB DEFAULT CHARSET=utf8mb4 COLLATE=utf8mb4_unicode_ci;

--
-- Dumping data for table `specializations`
--

INSERT INTO `specializations` (`id`, `name`, `description`, `image`, `createdAt`, `updatedAt`, `deletedAt`) VALUES
(1, 'TAI MŨI HỌNG', NULL, 'tai-mui-hong.jpg', '2020-03-16 10:44:08', '2020-03-16 10:44:08', NULL),
(2, 'THẦN KINH', NULL, 'than-kinh.jpg', '2020-03-16 10:44:08', '2020-03-16 10:44:08', NULL),
(3, 'TIÊU HÓA', NULL, 'tieu-hoa.jpg', '2020-03-16 10:44:08', '2020-03-16 10:44:08', NULL),
(4, 'TIM MẠCH', NULL, 'tim-mach.jpg', '2020-03-16 10:44:08', '2020-03-16 10:44:08', NULL),
(5, 'Y HỌC CỔ TRUYỀN', NULL, 'y-hoc-co-truyen.jpg', '2020-03-16 10:44:08', '2020-03-16 10:44:08', NULL),
(6, 'CƠ - XƯƠNG - KHỚP', NULL, 'co-xuong-khop.jpg', '2020-03-20 10:09:20', NULL, NULL);

-- --------------------------------------------------------

--
-- Table structure for table `statuses`
--

CREATE TABLE `statuses` (
  `id` int(11) NOT NULL,
  `name` varchar(255) COLLATE utf8mb4_unicode_ci DEFAULT NULL,
  `createdAt` datetime NOT NULL,
  `updatedAt` datetime DEFAULT NULL,
  `deletedAt` datetime DEFAULT NULL
) ENGINE=InnoDB DEFAULT CHARSET=utf8mb4 COLLATE=utf8mb4_unicode_ci;

--
-- Dumping data for table `statuses`
--

INSERT INTO `statuses` (`id`, `name`, `createdAt`, `updatedAt`, `deletedAt`) VALUES
(1, 'SUCCESS', '2020-03-16 10:11:17', '2020-03-16 10:11:17', NULL),
(2, 'FAILED', '2020-03-16 10:11:17', '2020-03-16 10:11:17', NULL),
(3, 'PENDING', '2020-03-16 10:11:17', '2020-03-16 10:11:17', NULL),
(4, 'NEW', '2020-03-29 18:57:10', NULL, NULL),
(5, 'DONE', '2020-03-30 15:45:39', NULL, NULL);

-- --------------------------------------------------------

--
-- Table structure for table `users`
--

CREATE TABLE `users` (
  `id` int(11) NOT NULL,
  `name` varchar(255) COLLATE utf8mb4_unicode_ci DEFAULT NULL,
  `email` varchar(255) COLLATE utf8mb4_unicode_ci DEFAULT NULL,
  `password` varchar(255) COLLATE utf8mb4_unicode_ci DEFAULT NULL,
  `address` varchar(255) COLLATE utf8mb4_unicode_ci DEFAULT NULL,
  `phone` varchar(255) COLLATE utf8mb4_unicode_ci DEFAULT NULL,
  `avatar` varchar(255) COLLATE utf8mb4_unicode_ci DEFAULT NULL,
  `gender` varchar(255) COLLATE utf8mb4_unicode_ci DEFAULT 'male',
  `description` text COLLATE utf8mb4_unicode_ci DEFAULT NULL,
  `roleId` int(11) NOT NULL,
  `isActive` tinyint(1) DEFAULT 1,
  `createdAt` datetime NOT NULL,
  `updatedAt` datetime DEFAULT NULL,
  `deletedAt` datetime DEFAULT NULL
) ENGINE=InnoDB DEFAULT CHARSET=utf8mb4 COLLATE=utf8mb4_unicode_ci;

--
-- Dumping data for table `users`
--

INSERT INTO `users` (`id`, `name`, `email`, `password`, `address`, `phone`, `avatar`, `gender`, `description`, `roleId`, `isActive`, `createdAt`, `updatedAt`, `deletedAt`) VALUES
(3, 'admin', 'admin@gmail.com', '$2a$07$Bq0hCq3kVrvKUHfMT0NJROmQkx09aEQkGlwBGEdw799YJvWqH1kuy', 'Hà Nội', '0368456253', 'admin.png', 'male', NULL, 1, 1, '2020-03-16 10:51:01', '2020-03-16 10:51:01', NULL),
(4, 'GS Phạm Văn Tuấn', 'doctor@gmail.com', '$2a$07$Bq0hCq3kVrvKUHfMT0NJROmQkx09aEQkGlwBGEdw799YJvWqH1kuy', 'Hà Nội', '0368456253', 'doctor.jpg', 'male', 'Trẻ trung, đầy nhiệt huyết  ', 2, 1, '2020-03-16 10:51:01', '2020-03-22 03:16:49', NULL),
(5, 'Supporter Seeder', 'supporter@gmail.com', '$2a$07$Bq0hCq3kVrvKUHfMT0NJROmQkx09aEQkGlwBGEdw799YJvWqH1kuy', 'Hà Nội', '0368456253', 'supporter.png', 'male', NULL, 3, 1, '2020-03-16 10:51:01', '2020-03-16 10:51:01', NULL),
(6, 'PGs.Ts Nguyễn Văn Hoài', 'vinhngoc@gmail.com', '$2a$07$EDe4XqyexcuIKBRntQ/WNOHQoZOyfwHhijBKiBZQYQpicLKahIEJK', 'Hà Nội', '0365434325', 'doctor-nguyen-van-hoai.jpg', 'male', 'trẻ trung, năng động', 2, 1, '2020-03-19 09:28:21', '2020-03-19 09:28:21', NULL),
(7, 'Nguyễn Văn Anh', 'vanan@gmail.com', '$2a$07$bBuUqCZgB4wvhgv0C98OoePkgqCRypYcB86qqhNNC0enoaGsNR9Wq', 'Hà Nội', '0365434325', 'doctor-nguyen-van-an.jpg', 'male', '', 2, 1, '2020-03-19 09:31:17', '2020-03-19 09:31:17', NULL),
(8, 'Lê Thị Thủy', 'thithuy@gmail.com', '$2a$07$0dh2b24ydFT0bMZkVATWzO2xbIrBOEqRXwX0hwMjxaJu/0RND7I72', 'Hà Nội', '0365434325', 'doctor-le-thi-thuy.jpg', 'male', '', 2, 1, '2020-03-19 09:31:44', '2020-03-19 09:31:44', NULL),
(9, 'Hoàng Đình Tùng', 'dinhtung@gmail.com', '$2a$07$Lr0upB61JMT.w9E/GlF6hursqz7EKW8pImb2iC7mjvkS805/Ze02W', 'Hà Nội', '0365434325', 'doctor-hoang-dinh-tung.jpg', 'male', '', 2, 1, '2020-03-19 09:34:43', '2020-03-19 09:34:43', NULL),
(10, 'TS Hary Phạm', 'harypham@gmail.com', '$2a$07$Oa2PwfJ2XqNuTO3fq4NwLeXlSwUI9aTBlpAXLMXF8Uad28dfSqS..', 'Hà Nội', '0365434325', 'doctor.jpg', 'male', '', 2, 1, '2020-03-19 09:36:33', '2020-03-19 09:36:33', NULL),
(11, 'Bác sĩ Alan Phạm', 'alanpham@gmail.com', '$2a$07$xpKvVrJIcjGFDAqwwmZy/.RLWcE51GQkKeDSxaM7IQ6/XjaMnP7xu', 'Hà Nội', '0365434325', 'doctor.jpg', 'male', 'Nhiệt tình, năng động', 2, 1, '2020-03-19 14:46:55', '2020-03-19 14:46:55', NULL),
(12, 'Nguyễn Văn Nam', 'vannam@gmail.com', '$2a$07$2Nq/ca6IxOSOjo/5OiTpHe4E0meLo6GPWdFlGiFe1KbjYr/mHbGGG', 'Hà Nội', '0365434325', 'doctor.jpg', 'male', 'Năng động', 2, 1, '2020-03-21 10:42:59', '2020-03-21 10:42:59', NULL),
(16, 'Cuong Van', 'cuong@gmail.com', '$2a$07$loTIFLKV2XE1qzo/wYbctOCZV95AqTdRG6FXTWTxzry3Ef7zsS/W.', 'Hà Nội', '0365434325', '1584847299838-aaa.jpg', 'male', '    asdfasdf   asdfasdf      ', 2, 1, '2020-03-22 03:10:47', '2020-03-22 03:21:39', NULL);

--
-- Indexes for dumped tables
--

--
-- Indexes for table `appointments`
--
ALTER TABLE `appointments`
  ADD PRIMARY KEY (`id`);

--
-- Indexes for table `clinics`
--
ALTER TABLE `clinics`
  ADD PRIMARY KEY (`id`);

--
-- Indexes for table `doctor_users`
--
ALTER TABLE `doctor_users`
  ADD PRIMARY KEY (`id`);

--
-- Indexes for table `extrainfos`
--
ALTER TABLE `extrainfos`
  ADD PRIMARY KEY (`id`);

--
-- Indexes for table `patients`
--
ALTER TABLE `patients`
  ADD PRIMARY KEY (`id`);

--
-- Indexes for table `places`
--
ALTER TABLE `places`
  ADD PRIMARY KEY (`id`);

--
-- Indexes for table `posts`
--
ALTER TABLE `posts`
  ADD PRIMARY KEY (`id`);

--
-- Indexes for table `roles`
--
ALTER TABLE `roles`
  ADD PRIMARY KEY (`id`);

--
-- Indexes for table `schedules`
--
ALTER TABLE `schedules`
  ADD PRIMARY KEY (`id`);

--
-- Indexes for table `sequelizemeta`
--
ALTER TABLE `sequelizemeta`
  ADD PRIMARY KEY (`name`),
  ADD UNIQUE KEY `name` (`name`);

--
-- Indexes for table `session`
--
ALTER TABLE `session`
  ADD PRIMARY KEY (`sid`);

--
-- Indexes for table `specializations`
--
ALTER TABLE `specializations`
  ADD PRIMARY KEY (`id`);

--
-- Indexes for table `statuses`
--
ALTER TABLE `statuses`
  ADD PRIMARY KEY (`id`);

--
-- Indexes for table `users`
--
ALTER TABLE `users`
  ADD PRIMARY KEY (`id`);

--
-- AUTO_INCREMENT for dumped tables
--

--
-- AUTO_INCREMENT for table `appointments`
--
ALTER TABLE `appointments`
  MODIFY `id` int(11) NOT NULL AUTO_INCREMENT;

--
-- AUTO_INCREMENT for table `clinics`
--
ALTER TABLE `clinics`
  MODIFY `id` int(11) NOT NULL AUTO_INCREMENT, AUTO_INCREMENT=16;

--
-- AUTO_INCREMENT for table `doctor_users`
--
ALTER TABLE `doctor_users`
  MODIFY `id` int(11) NOT NULL AUTO_INCREMENT, AUTO_INCREMENT=27;

--
-- AUTO_INCREMENT for table `extrainfos`
--
ALTER TABLE `extrainfos`
  MODIFY `id` int(11) NOT NULL AUTO_INCREMENT, AUTO_INCREMENT=26;

--
-- AUTO_INCREMENT for table `patients`
--
ALTER TABLE `patients`
  MODIFY `id` int(11) NOT NULL AUTO_INCREMENT, AUTO_INCREMENT=39;

--
-- AUTO_INCREMENT for table `places`
--
ALTER TABLE `places`
  MODIFY `id` int(11) NOT NULL AUTO_INCREMENT, AUTO_INCREMENT=4;

--
-- AUTO_INCREMENT for table `posts`
--
ALTER TABLE `posts`
  MODIFY `id` int(11) NOT NULL AUTO_INCREMENT, AUTO_INCREMENT=44;

--
-- AUTO_INCREMENT for table `roles`
--
ALTER TABLE `roles`
  MODIFY `id` int(11) NOT NULL AUTO_INCREMENT, AUTO_INCREMENT=4;

--
-- AUTO_INCREMENT for table `schedules`
--
ALTER TABLE `schedules`
  MODIFY `id` int(11) NOT NULL AUTO_INCREMENT, AUTO_INCREMENT=107;

--
-- AUTO_INCREMENT for table `specializations`
--
ALTER TABLE `specializations`
  MODIFY `id` int(11) NOT NULL AUTO_INCREMENT, AUTO_INCREMENT=14;

--
-- AUTO_INCREMENT for table `statuses`
--
ALTER TABLE `statuses`
  MODIFY `id` int(11) NOT NULL AUTO_INCREMENT, AUTO_INCREMENT=6;

--
-- AUTO_INCREMENT for table `users`
--
ALTER TABLE `users`
  MODIFY `id` int(11) NOT NULL AUTO_INCREMENT, AUTO_INCREMENT=19;
COMMIT;

/*!40101 SET CHARACTER_SET_CLIENT=@OLD_CHARACTER_SET_CLIENT */;
/*!40101 SET CHARACTER_SET_RESULTS=@OLD_CHARACTER_SET_RESULTS */;
/*!40101 SET COLLATION_CONNECTION=@OLD_COLLATION_CONNECTION */;
